[16:22:56] [main/INFO] (FabricLoader/GameProvider) Loading Minecraft 1.21.11 with Fabric Loader 0.18.4
[16:22:56] [main/INFO] (FabricLoader) Loading 71 mods:
	- attributescreen 1.0.0
	- bettercombat 3.0.0
	   \-- tiny_config 3.1.0
	- cloth-basic-math 0.6.1
	- cloth-config 21.11.153
	- deimos 2.5
	- dynamictooltips 0.7.1
	   \-- mixinsquared 0.3.3
	- elytrapitch 1.4.5
	- expcounter 2.5
	- fabric-api 0.141.3+1.21.11
	- fabric-api-base 1.0.5+4ebb5c083e
	- fabric-api-lookup-api-v1 1.6.114+20dc27073e
	- fabric-biome-api-v1 17.1.1+4fc5413f3e
	- fabric-block-api-v1 1.1.10+4ebb5c083e
	- fabric-block-view-api-v2 1.0.39+4ebb5c083e
	- fabric-client-gametest-api-v1 4.3.5+bfe9fcf43e
	- fabric-command-api-v2 2.4.7+6b42a6003e
	- fabric-content-registries-v0 10.2.14+4fc5413f3e
	- fabric-convention-tags-v1 2.1.55+7f945d5b3e
	- fabric-convention-tags-v2 2.17.3+8ef948ba3e
	- fabric-crash-report-info-v1 0.3.23+4ebb5c083e
	- fabric-data-attachment-api-v1 1.8.47+eed0806f3e
	- fabric-data-generation-api-v1 23.4.0+69974c4e3e
	- fabric-dimensions-v1 4.0.28+4fc5413f3e
	- fabric-entity-events-v1 3.1.1+1d0ab4303e
	- fabric-events-interaction-v0 4.1.0+3b89ecf63e
	- fabric-game-rule-api-v1 2.0.3+4fc5413f3e
	- fabric-gametest-api-v1 3.1.27+4fc5413f3e
	- fabric-item-api-v1 11.5.20+d0c46b9e3e
	- fabric-item-group-api-v1 4.2.36+4fc5413f3e
	- fabric-key-binding-api-v1 1.1.7+4fc5413f3e
	- fabric-lifecycle-events-v1 2.6.15+4ebb5c083e
	- fabric-loot-api-v2 3.0.73+3f89f5a53e
	- fabric-loot-api-v3 2.0.20+78c8b4663e
	- fabric-message-api-v1 6.1.12+4ebb5c083e
	- fabric-model-loading-api-v1 6.0.15+4fc5413f3e
	- fabric-networking-api-v1 5.1.5+ae1e07683e
	- fabric-object-builder-api-v1 21.1.39+4fc5413f3e
	- fabric-particles-v1 4.2.11+4fc5413f3e
	- fabric-recipe-api-v1 8.2.3+4ebb5c083e
	- fabric-registry-sync-v0 6.2.5+1718722b3e
	- fabric-renderer-api-v1 8.0.3+f4ffd2e53e
	- fabric-renderer-indigo 5.0.3+f4ffd2e53e
	- fabric-rendering-fluids-v1 3.1.43+4ebb5c083e
	- fabric-rendering-v1 16.2.10+0290ad933e
	- fabric-resource-conditions-api-v1 5.0.35+4fc5413f3e
	- fabric-resource-loader-v0 3.3.4+4fc5413f3e
	- fabric-resource-loader-v1 1.0.10+78c8b4663e
	- fabric-screen-api-v1 3.1.7+4ebb5c083e
	- fabric-screen-handler-api-v1 1.3.161+4fc5413f3e
	- fabric-serialization-api-v1 1.0.5+4ebb5c083e
	- fabric-sound-api-v1 1.0.51+4fc5413f3e
	- fabric-tag-api-v1 1.2.20+4fc5413f3e
	- fabric-transfer-api-v1 6.0.25+4fc5413f3e
	- fabric-transitive-access-wideners-v1 7.1.0+014c8cec3e
	- fabricloader 0.18.4
	- forgeconfigapiport 21.11.1
	   |-- com_electronwill_night-config_core 3.8.3
	   \-- com_electronwill_night-config_toml 3.8.3
	- healthbars 21.11.0
	- icon-leading-tooltip 1.0.4
	- java 21
	- minecraft 1.21.11
	- mixinextras 0.5.0
	- modmenu 17.0.0-beta.2
	- player_animation_library 1.1.6+mc.1.21.11
	   |-- com_zigythebird_mochafloats 4.1.5
	   \-- org_javassist_javassist 3.30.2-GA
	- puzzleslib 21.11.11
	- tiered 1.5
[16:23:00] [pool-2-thread-3/WARN] (FabricLoader/ModRemap) Cannot remap tick because it does not exists in any of the targets [net/minecraft/class_11890]
[16:23:00] [pool-2-thread-3/WARN] (FabricLoader/ModRemap) Cannot remap method_5773 because it does not exists in any of the targets [net/minecraft/class_11890]
[16:23:02] [main/INFO] (FabricLoader/Mixin) SpongePowered MIXIN Subsystem Version=0.8.7 Source=file:/C:/Users/rafae/.gradle/caches/modules-2/files-2.1/net.fabricmc/sponge-mixin/0.17.0+mixin.0.8.7/cf31463202f72d03b0ef1e1e38e8ee71b7faaab6/sponge-mixin-0.17.0+mixin.0.8.7.jar Service=Knot/Fabric Env=CLIENT
[16:23:02] [main/INFO] (FabricLoader/Mixin) Loaded Fabric development mappings for mixin remapper!
[16:23:03] [main/INFO] (FabricLoader/Mixin) Compatibility level set to JAVA_21
[16:23:03] [main/WARN] (FabricLoader/Mixin) Reference map 'expcounter.refmap.json' for expcounter.mixins.json could not be read. If this is a development environment you can ignore this message
[16:23:03] [main/WARN] (FabricLoader/Mixin) Reference map 'expcounter.refmap.json' for expcounter.fabric.mixins.json could not be read. If this is a development environment you can ignore this message
[16:23:03] [main/WARN] (FabricLoader/Mixin) Reference map 'tiny_config-common-common-refmap.json' for tiny_config.mixins.json could not be read. If this is a development environment you can ignore this message
[16:23:03] [main/WARN] (FabricLoader/Mixin) Reference map 'deimos.refmap.json' for deimos.mixins.json could not be read. If this is a development environment you can ignore this message
[16:23:03] [main/WARN] (FabricLoader/Mixin) Reference map 'deimos.refmap.json' for deimos.fabric.mixins.json could not be read. If this is a development environment you can ignore this message
[16:23:04] [main/INFO] (FabricLoader/MixinExtras|Service) Initializing MixinExtras via com.llamalad7.mixinextras.service.MixinExtrasServiceImpl(version=0.5.0).
[16:23:05] [Datafixer Bootstrap/INFO] (Minecraft) 287 Datafixer optimizations took 610 milliseconds
[16:23:14] [Render thread/INFO] (Minecraft) Environment: Environment[sessionHost=https://sessionserver.mojang.com, servicesHost=https://api.minecraftservices.com, profilesHost=https://api.mojang.com, name=PROD]
[16:23:14] [Render thread/INFO] (Minecraft) Setting user: Player121
[16:23:14] [Render thread/INFO] (Puzzles Lib) Constructing components for puzzleslib:common
[16:23:14] [Download-2/ERROR] (Minecraft) Failed to fetch user properties
com.mojang.authlib.exceptions.InvalidCredentialsException: Status: 401
	at knot//com.mojang.authlib.exceptions.MinecraftClientHttpException.toAuthenticationException(MinecraftClientHttpException.java:59)
	at knot//com.mojang.authlib.yggdrasil.YggdrasilUserApiService.fetchProperties(YggdrasilUserApiService.java:150)
	at knot//net.minecraft.client.MinecraftClient.method_55608(MinecraftClient.java:457)
	at java.base/java.util.concurrent.CompletableFuture$AsyncSupply.run(CompletableFuture.java:1768)
	at java.base/java.util.concurrent.ThreadPoolExecutor.runWorker(ThreadPoolExecutor.java:1144)
	at java.base/java.util.concurrent.ThreadPoolExecutor$Worker.run(ThreadPoolExecutor.java:642)
	at java.base/java.lang.Thread.run(Thread.java:1583)
Caused by: com.mojang.authlib.exceptions.MinecraftClientHttpException: Status: 401
	at knot//com.mojang.authlib.minecraft.client.MinecraftClient.readInputStream(MinecraftClient.java:103)
	at knot//com.mojang.authlib.minecraft.client.MinecraftClient.get(MinecraftClient.java:56)
	at knot//com.mojang.authlib.yggdrasil.YggdrasilUserApiService.fetchProperties(YggdrasilUserApiService.java:121)
	... 5 more
[16:23:15] [Render thread/INFO] (Minecraft) Registering Tiered Items for tiered
[16:23:15] [Render thread/INFO] (Puzzles Lib) Constructing components for healthbars:common
[16:23:15] [Render thread/INFO] (Puzzles Lib) Dispatching loading event for config healthbars-client.toml
[16:23:15] [Render thread/INFO] (icon-leading-tooltip) Hello Fabric world!
[16:23:15] [Render thread/INFO] (Puzzles Lib) Constructing components for puzzleslib:client
[16:23:15] [Render thread/INFO] (Mod Menu/Update Checker) Checking mod updates...
[16:23:15] [Render thread/INFO] (Indigo) [Indigo] Registering Indigo renderer!
[16:23:15] [Render thread/INFO] (Puzzles Lib) Constructing components for healthbars:client
[16:23:16] [Render thread/INFO] (Minecraft) Backend library: LWJGL version 3.3.3-snapshot
[16:23:16] [Worker-Main-1/INFO] (Mod Menu/Update Checker) Update available for 'bettercombat@3.0.0', (-> 3.0.1+1.21.11-fabric)
[16:23:17] [Render thread/INFO] (Minecraft) Using optional rendering extensions: GL_ARB_buffer_storage, GL_KHR_debug, GL_ARB_vertex_attrib_binding, GL_ARB_direct_state_access, GL_EXT_texture_filter_anisotropic
[16:23:18] [Render thread/INFO] (Minecraft) Reloading ResourceManager: vanilla, attributescreen, bettercombat, cloth-config, dynamictooltips, elytrapitch, expcounter, fabric-api, fabric-api-base, fabric-api-lookup-api-v1, fabric-biome-api-v1, fabric-block-api-v1, fabric-block-view-api-v2, fabric-client-gametest-api-v1, fabric-command-api-v2, fabric-content-registries-v0, fabric-convention-tags-v1, fabric-convention-tags-v2, fabric-crash-report-info-v1, fabric-data-attachment-api-v1, fabric-data-generation-api-v1, fabric-dimensions-v1, fabric-entity-events-v1, fabric-events-interaction-v0, fabric-game-rule-api-v1, fabric-gametest-api-v1, fabric-item-api-v1, fabric-item-group-api-v1, fabric-key-binding-api-v1, fabric-lifecycle-events-v1, fabric-loot-api-v2, fabric-loot-api-v3, fabric-message-api-v1, fabric-model-loading-api-v1, fabric-networking-api-v1, fabric-object-builder-api-v1, fabric-particles-v1, fabric-recipe-api-v1, fabric-registry-sync-v0, fabric-renderer-api-v1, fabric-renderer-indigo, fabric-rendering-fluids-v1, fabric-rendering-v1, fabric-resource-conditions-api-v1, fabric-resource-loader-v0, fabric-resource-loader-v1, fabric-screen-api-v1, fabric-screen-handler-api-v1, fabric-serialization-api-v1, fabric-sound-api-v1, fabric-tag-api-v1, fabric-transfer-api-v1, fabric-transitive-access-wideners-v1, fabricloader, forgeconfigapiport, healthbars, icon-leading-tooltip, modmenu, tiered, file/icones attributes
[16:23:18] [Download-3/INFO] (Minecraft) Could not authorize you against Realms server: java.lang.RuntimeException: Failed to parse into SignedJWT: FabricMC
[16:23:18] [Download-3/ERROR] (Minecraft) Failed to fetch Realms feature flags
net.minecraft.client.realms.exception.RealmsServiceException: Realms authentication error with message 'java.lang.RuntimeException: Failed to parse into SignedJWT: FabricMC'
	at knot//net.minecraft.client.realms.RealmsClient.execute(RealmsClient.java:526)
	at knot//net.minecraft.client.realms.RealmsClient.fetchFeatureFlags(RealmsClient.java:186)
	at java.base/java.util.concurrent.CompletableFuture$AsyncSupply.run(CompletableFuture.java:1768)
	at java.base/java.util.concurrent.ThreadPoolExecutor.runWorker(ThreadPoolExecutor.java:1144)
	at java.base/java.util.concurrent.ThreadPoolExecutor$Worker.run(ThreadPoolExecutor.java:642)
	at java.base/java.lang.Thread.run(Thread.java:1583)
[16:23:18] [Worker-Main-8/INFO] (Minecraft) Found unifont_pua-17.0.01.hex, loading
[16:23:18] [Worker-Main-3/INFO] (Minecraft) Found unifont_all_no_pua-17.0.01.hex, loading
[16:23:18] [Worker-Main-1/INFO] (Minecraft) Found unifont_jp_patch-17.0.01.hex, loading
[16:23:19] [Render thread/INFO] (Minecraft) OpenAL initialized on device OpenAL Soft on Fones de ouvido (soundcore Sport X20)
[16:23:19] [Render thread/INFO] (Minecraft) Sound engine started
[16:23:19] [Render thread/INFO] (Minecraft) Created: 2048x1024x0 minecraft:textures/atlas/particles.png-atlas
[16:23:19] [Render thread/INFO] (Minecraft) Created: 128x128x0 minecraft:textures/atlas/decorated_pot.png-atlas
[16:23:19] [Render thread/INFO] (Minecraft) Created: 2048x1024x0 minecraft:textures/atlas/armor_trims.png-atlas
[16:23:19] [Render thread/INFO] (Minecraft) Created: 512x256x0 minecraft:textures/atlas/paintings.png-atlas
[16:23:19] [Render thread/INFO] (Minecraft) Created: 1024x512x0 minecraft:textures/atlas/shield_patterns.png-atlas
[16:23:19] [Render thread/INFO] (Minecraft) Created: 2048x2048x4 minecraft:textures/atlas/blocks.png-atlas
[16:23:19] [Render thread/INFO] (Minecraft) Created: 512x512x0 minecraft:textures/atlas/chest.png-atlas
[16:23:19] [Render thread/INFO] (Minecraft) Created: 256x128x0 minecraft:textures/atlas/celestials.png-atlas
[16:23:19] [Render thread/INFO] (Minecraft) Created: 1024x512x0 minecraft:textures/atlas/banner_patterns.png-atlas
[16:23:19] [Render thread/INFO] (Minecraft) Created: 512x512x0 minecraft:textures/atlas/beds.png-atlas
[16:23:19] [Render thread/INFO] (Minecraft) Created: 1024x512x0 minecraft:textures/atlas/items.png-atlas
[16:23:19] [Render thread/INFO] (Minecraft) Created: 1024x1024x0 minecraft:textures/atlas/gui.png-atlas
[16:23:19] [Render thread/INFO] (Minecraft) Created: 128x64x0 minecraft:textures/atlas/map_decorations.png-atlas
[16:23:19] [Render thread/INFO] (Minecraft) Created: 512x256x0 minecraft:textures/atlas/signs.png-atlas
[16:23:19] [Render thread/INFO] (Minecraft) Created: 512x512x0 minecraft:textures/atlas/shulker_boxes.png-atlas
[16:23:20] [IO-Worker-1/INFO] (Minecraft) Could not authorize you against Realms server: java.lang.RuntimeException: Failed to parse into SignedJWT: FabricMC
[16:23:20] [IO-Worker-1/ERROR] (Minecraft) Couldn't connect to realms
net.minecraft.client.realms.exception.RealmsServiceException: Realms authentication error with message 'java.lang.RuntimeException: Failed to parse into SignedJWT: FabricMC'
	at knot//net.minecraft.client.realms.RealmsClient.execute(RealmsClient.java:526)
	at knot//net.minecraft.client.realms.RealmsClient.clientCompatible(RealmsClient.java:307)
	at knot//net.minecraft.client.realms.RealmsAvailability.method_52627(RealmsAvailability.java:48)
	at java.base/java.util.concurrent.CompletableFuture$AsyncSupply.run(CompletableFuture.java:1768)
	at java.base/java.util.concurrent.ThreadPoolExecutor.runWorker(ThreadPoolExecutor.java:1144)
	at java.base/java.util.concurrent.ThreadPoolExecutor$Worker.run(ThreadPoolExecutor.java:642)
	at java.base/java.lang.Thread.run(Thread.java:1583)
[16:23:37] [Render thread/INFO] (Minecraft) Loaded 1474 recipes
[16:23:37] [Render thread/INFO] (Minecraft) Loaded 1584 advancements
[16:23:37] [Render thread/INFO] (AttributeDataLoader) Carregados 153 tiers de atributos
[16:23:38] [Render thread/INFO] (BiomeModificationImpl) Applied 0 biome modifications to 0 of 65 new biomes in 2.042 ms
[16:23:38] [Server thread/INFO] (WeaponRegistry) Encoded Weapon Attribute registry size (with package overhead): 2559 bytes (in 1 string chunks with the size of 10000)
[16:23:38] [Server thread/INFO] (Minecraft) Starting integrated minecraft server version 1.21.11
[16:23:38] [Server thread/INFO] (Minecraft) Generating keypair
[16:23:38] [Server thread/INFO] (Minecraft) Loading 0 persistent chunks...
[16:23:38] [Server thread/INFO] (Minecraft) Preparing spawn area: 16%
[16:23:38] [Server thread/WARN] (TranslationConventionLogWarnings) 
	Dev warning - Untranslated Item Tags detected. Please translate your item tags so other mods such as recipe viewers can properly display your tag's name.
	The format desired is tag.item.<namespace>.<path> for the translation key with slashes in path turned into periods.
	To disable this message, set this system property in your runs: `-Dfabric-tag-conventions-v2.missingTagTranslationWarning=SILENCED`.
	To see individual untranslated item tags found, set the system property to `-Dfabric-tag-conventions-v2.missingTagTranslationWarning=VERBOSE`.
	Default is `SHORT`.

[16:23:39] [Netty Local IO #1/INFO] (BetterCombatMod) Received config sync packet
[16:23:39] [Netty Local IO #1/INFO] (WeaponRegistry) Decoded Weapon Attribute registry in 1 string chunks
[16:23:39] [Server thread/INFO] (Minecraft) Loading 49 chunks for player spawn...
[16:23:39] [Server thread/INFO] (Minecraft) Preparing spawn area: 16%
[16:23:39] [Server thread/INFO] (Minecraft) Preparing spawn area: 16%
[16:23:40] [Server thread/INFO] (Minecraft) Time elapsed: 1463 ms
[16:23:40] [Server thread/INFO] (Minecraft) Player121[local:E:57202ec6] logged in with entity id 49 at (-2695.997204080874, 60.0, 867.7912146237688)
[16:23:40] [Server thread/INFO] (Minecraft) Player121 joined the game
[16:23:40] [Server thread/INFO] (Minecraft) Player121 has reached the goal [Sky's the Limit]
[16:23:40] [Render thread/INFO] (Minecraft) [System] [CHAT] Player121 has reached the goal [Sky's the Limit]
[16:23:40] [Server thread/INFO] (Minecraft) Changing view distance to 24, from 10
[16:23:40] [Server thread/INFO] (Minecraft) Changing simulation distance to 24, from 0
[16:23:40] [Render thread/INFO] (Minecraft) Resizing Dynamic Transforms UBO, capacity limit of 2 reached during a single frame. New capacity will be 4.
[16:23:40] [Render thread/INFO] (Minecraft) Resizing Dynamic Transforms UBO, capacity limit of 4 reached during a single frame. New capacity will be 8.
[16:23:40] [Render thread/INFO] (Minecraft) Loaded 108 advancements
[16:23:41] [Render thread/INFO] (Minecraft) Resizing Chunk Sections UBO, capacity limit of 2 reached during a single frame. New capacity will be 8.
[16:23:41] [Render thread/INFO] (Minecraft) Resizing Dynamic Transforms UBO, capacity limit of 8 reached during a single frame. New capacity will be 16.
[16:23:41] [Render thread/INFO] (Minecraft) Resizing Chunk Sections UBO, capacity limit of 8 reached during a single frame. New capacity will be 16.
[16:23:41] [Server thread/INFO] (Minecraft) Saving and pausing game...
[16:23:41] [Server thread/INFO] (Minecraft) Saving chunks for level 'ServerLevel[New World]'/minecraft:overworld
[16:23:41] [Render thread/INFO] (Minecraft) Resizing Chunk Sections UBO, capacity limit of 16 reached during a single frame. New capacity will be 32.
[16:23:41] [Server thread/INFO] (Minecraft) Saving chunks for level 'ServerLevel[New World]'/minecraft:the_end
[16:23:41] [Server thread/INFO] (Minecraft) Saving chunks for level 'ServerLevel[New World]'/minecraft:the_nether
[16:23:41] [Render thread/INFO] (Minecraft) Resizing Chunk Sections UBO, capacity limit of 32 reached during a single frame. New capacity will be 64.
[16:38:57] [Render thread/INFO] (Minecraft) Resizing Chunk Sections UBO, capacity limit of 64 reached during a single frame. New capacity will be 128.
[16:38:57] [Render thread/INFO] (Minecraft) Resizing Chunk Sections UBO, capacity limit of 128 reached during a single frame. New capacity will be 256.
[16:38:57] [Render thread/INFO] (Minecraft) Resizing Chunk Sections UBO, capacity limit of 256 reached during a single frame. New capacity will be 512.
[16:38:58] [Render thread/INFO] (Minecraft) Resizing Chunk Sections UBO, capacity limit of 512 reached during a single frame. New capacity will be 1024.
[16:38:58] [Render thread/INFO] (Minecraft) Resizing Dynamic Transforms UBO, capacity limit of 16 reached during a single frame. New capacity will be 32.
[16:39:44] [Server thread/INFO] (Minecraft) [STDOUT]: === [DEBUG FORJA] RAIO-X DOS PESOS (INT) ===
[16:39:44] [Server thread/INFO] (Minecraft) [STDOUT]: Sorte do Jogador: 0.0
[16:39:44] [Server thread/INFO] (Minecraft) [STDOUT]: Reforge Modifier (Corte da Forja): 0.9
[16:39:44] [Server thread/INFO] (Minecraft) [STDOUT]: Luck Modifier (Bônus da Sorte): 0.02
[16:39:44] [Server thread/INFO] (Minecraft) [STDOUT]: --- CICLO DE VIDA DOS PESOS ---
[16:39:44] [Server thread/INFO] (Minecraft) [STDOUT]: all_tools/mythic_tool_1 -> JSON: 0 | Forja(+1): 1 | FINAL: 1
[16:39:44] [Server thread/INFO] (Minecraft) [STDOUT]: all_tools/unique_tool_4 -> JSON: 1 | Forja(+1): 2 | FINAL: 2
[16:39:44] [Server thread/INFO] (Minecraft) [STDOUT]: all_tools/unique_tool_2 -> JSON: 1 | Forja(+1): 2 | FINAL: 2
[16:39:44] [Server thread/INFO] (Minecraft) [STDOUT]: all_tools/unique_tool_3 -> JSON: 1 | Forja(+1): 2 | FINAL: 2
[16:39:44] [Server thread/INFO] (Minecraft) [STDOUT]: all_tools/unique_tool_1 -> JSON: 1 | Forja(+1): 2 | FINAL: 2
[16:39:44] [Server thread/INFO] (Minecraft) [STDOUT]: all_tools/legendary_tool_1 -> JSON: 7 | Forja(+1): 8 | FINAL: 8
[16:39:44] [Server thread/INFO] (Minecraft) [STDOUT]: all_tools/legendary_tool_4 -> JSON: 7 | Forja(+1): 8 | FINAL: 8
[16:39:44] [Server thread/INFO] (Minecraft) [STDOUT]: all_tools/legendary_tool_3 -> JSON: 7 | Forja(+1): 8 | FINAL: 8
[16:39:44] [Server thread/INFO] (Minecraft) [STDOUT]: all_tools/legendary_tool_2 -> JSON: 7 | Forja(+1): 8 | FINAL: 8
[16:39:44] [Server thread/INFO] (Minecraft) [STDOUT]: all_tools/epic_tool_4 -> JSON: 15 | Forja(+1): 16 | FINAL: 16
[16:39:44] [Server thread/INFO] (Minecraft) [STDOUT]: all_tools/epic_tool_1 -> JSON: 15 | Forja(+1): 16 | FINAL: 16
[16:39:44] [Server thread/INFO] (Minecraft) [STDOUT]: all_tools/epic_tool_3 -> JSON: 15 | Forja(+1): 16 | FINAL: 16
[16:39:44] [Server thread/INFO] (Minecraft) [STDOUT]: all_tools/epic_tool_2 -> JSON: 15 | Forja(+1): 16 | FINAL: 16
[16:39:44] [Server thread/INFO] (Minecraft) [STDOUT]: all_tools/rare_tool_4 -> JSON: 30 | Forja(+1): 31 | FINAL: 27
[16:39:44] [Server thread/INFO] (Minecraft) [STDOUT]: all_tools/rare_tool_3 -> JSON: 30 | Forja(+1): 31 | FINAL: 27
[16:39:44] [Server thread/INFO] (Minecraft) [STDOUT]: all_tools/rare_tool_2 -> JSON: 30 | Forja(+1): 31 | FINAL: 27
[16:39:44] [Server thread/INFO] (Minecraft) [STDOUT]: all_tools/rare_tool_1 -> JSON: 30 | Forja(+1): 31 | FINAL: 27
[16:39:44] [Server thread/INFO] (Minecraft) [STDOUT]: all_tools/uncommon_tool_4 -> JSON: 45 | Forja(+1): 46 | FINAL: 41
[16:39:44] [Server thread/INFO] (Minecraft) [STDOUT]: all_tools/uncommon_tool_3 -> JSON: 45 | Forja(+1): 46 | FINAL: 41
[16:39:44] [Server thread/INFO] (Minecraft) [STDOUT]: all_tools/uncommon_tool_2 -> JSON: 45 | Forja(+1): 46 | FINAL: 41
[16:39:44] [Server thread/INFO] (Minecraft) [STDOUT]: all_tools/uncommon_tool_1 -> JSON: 45 | Forja(+1): 46 | FINAL: 41
[16:39:44] [Server thread/INFO] (Minecraft) [STDOUT]: all_tools/common_tool_4 -> JSON: 60 | Forja(+1): 61 | FINAL: 54
[16:39:44] [Server thread/INFO] (Minecraft) [STDOUT]: all_tools/common_tool_2 -> JSON: 60 | Forja(+1): 61 | FINAL: 54
[16:39:44] [Server thread/INFO] (Minecraft) [STDOUT]: all_tools/common_tool_3 -> JSON: 60 | Forja(+1): 61 | FINAL: 54
[16:39:44] [Server thread/INFO] (Minecraft) [STDOUT]: all_tools/common_tool_1 -> JSON: 60 | Forja(+1): 61 | FINAL: 54
[16:39:44] [Server thread/INFO] (Minecraft) [STDOUT]: Peso Total da Roleta: 593
[16:39:44] [Server thread/INFO] (Minecraft) [STDOUT]: ====================================================
[16:39:44] [Server thread/INFO] (Minecraft) [STDOUT]: [ARPG DEBUG] Injetado +0.73125 (ADD_MULTIPLIED_TOTAL) de hard_labor no slot mainhand!
[16:39:48] [Server thread/INFO] (Minecraft) [STDOUT]: === [DEBUG FORJA] RAIO-X DOS PESOS (INT) ===
[16:39:48] [Server thread/INFO] (Minecraft) [STDOUT]: Sorte do Jogador: 0.0
[16:39:48] [Server thread/INFO] (Minecraft) [STDOUT]: Reforge Modifier (Corte da Forja): 0.9
[16:39:48] [Server thread/INFO] (Minecraft) [STDOUT]: Luck Modifier (Bônus da Sorte): 0.02
[16:39:48] [Server thread/INFO] (Minecraft) [STDOUT]: --- CICLO DE VIDA DOS PESOS ---
[16:39:48] [Server thread/INFO] (Minecraft) [STDOUT]: all_tools/mythic_tool_1 -> JSON: 0 | Forja(+1): 1 | FINAL: 1
[16:39:48] [Server thread/INFO] (Minecraft) [STDOUT]: all_tools/unique_tool_4 -> JSON: 1 | Forja(+1): 2 | FINAL: 2
[16:39:48] [Server thread/INFO] (Minecraft) [STDOUT]: all_tools/unique_tool_2 -> JSON: 1 | Forja(+1): 2 | FINAL: 2
[16:39:48] [Server thread/INFO] (Minecraft) [STDOUT]: all_tools/unique_tool_3 -> JSON: 1 | Forja(+1): 2 | FINAL: 2
[16:39:48] [Server thread/INFO] (Minecraft) [STDOUT]: all_tools/unique_tool_1 -> JSON: 1 | Forja(+1): 2 | FINAL: 2
[16:39:48] [Server thread/INFO] (Minecraft) [STDOUT]: all_tools/legendary_tool_1 -> JSON: 7 | Forja(+1): 8 | FINAL: 8
[16:39:48] [Server thread/INFO] (Minecraft) [STDOUT]: all_tools/legendary_tool_4 -> JSON: 7 | Forja(+1): 8 | FINAL: 8
[16:39:48] [Server thread/INFO] (Minecraft) [STDOUT]: all_tools/legendary_tool_3 -> JSON: 7 | Forja(+1): 8 | FINAL: 8
[16:39:48] [Server thread/INFO] (Minecraft) [STDOUT]: all_tools/legendary_tool_2 -> JSON: 7 | Forja(+1): 8 | FINAL: 8
[16:39:48] [Server thread/INFO] (Minecraft) [STDOUT]: all_tools/epic_tool_4 -> JSON: 15 | Forja(+1): 16 | FINAL: 16
[16:39:48] [Server thread/INFO] (Minecraft) [STDOUT]: all_tools/epic_tool_1 -> JSON: 15 | Forja(+1): 16 | FINAL: 16
[16:39:48] [Server thread/INFO] (Minecraft) [STDOUT]: all_tools/epic_tool_3 -> JSON: 15 | Forja(+1): 16 | FINAL: 16
[16:39:48] [Server thread/INFO] (Minecraft) [STDOUT]: all_tools/epic_tool_2 -> JSON: 15 | Forja(+1): 16 | FINAL: 16
[16:39:48] [Server thread/INFO] (Minecraft) [STDOUT]: all_tools/rare_tool_4 -> JSON: 30 | Forja(+1): 31 | FINAL: 27
[16:39:48] [Server thread/INFO] (Minecraft) [STDOUT]: all_tools/rare_tool_3 -> JSON: 30 | Forja(+1): 31 | FINAL: 27
[16:39:48] [Server thread/INFO] (Minecraft) [STDOUT]: all_tools/rare_tool_2 -> JSON: 30 | Forja(+1): 31 | FINAL: 27
[16:39:48] [Server thread/INFO] (Minecraft) [STDOUT]: all_tools/rare_tool_1 -> JSON: 30 | Forja(+1): 31 | FINAL: 27
[16:39:48] [Server thread/INFO] (Minecraft) [STDOUT]: all_tools/uncommon_tool_4 -> JSON: 45 | Forja(+1): 46 | FINAL: 41
[16:39:48] [Server thread/INFO] (Minecraft) [STDOUT]: all_tools/uncommon_tool_3 -> JSON: 45 | Forja(+1): 46 | FINAL: 41
[16:39:48] [Server thread/INFO] (Minecraft) [STDOUT]: all_tools/uncommon_tool_2 -> JSON: 45 | Forja(+1): 46 | FINAL: 41
[16:39:48] [Server thread/INFO] (Minecraft) [STDOUT]: all_tools/uncommon_tool_1 -> JSON: 45 | Forja(+1): 46 | FINAL: 41
[16:39:48] [Server thread/INFO] (Minecraft) [STDOUT]: all_tools/common_tool_4 -> JSON: 60 | Forja(+1): 61 | FINAL: 54
[16:39:48] [Server thread/INFO] (Minecraft) [STDOUT]: all_tools/common_tool_2 -> JSON: 60 | Forja(+1): 61 | FINAL: 54
[16:39:48] [Server thread/INFO] (Minecraft) [STDOUT]: all_tools/common_tool_3 -> JSON: 60 | Forja(+1): 61 | FINAL: 54
[16:39:48] [Server thread/INFO] (Minecraft) [STDOUT]: all_tools/common_tool_1 -> JSON: 60 | Forja(+1): 61 | FINAL: 54
[16:39:48] [Server thread/INFO] (Minecraft) [STDOUT]: Peso Total da Roleta: 593
[16:39:48] [Server thread/INFO] (Minecraft) [STDOUT]: ====================================================
[16:39:48] [Server thread/INFO] (Minecraft) [STDOUT]: [ARPG DEBUG] Injetado +0.73125 (ADD_MULTIPLIED_TOTAL) de hard_labor no slot mainhand!
[16:39:50] [Server thread/INFO] (Minecraft) [STDOUT]: === [DEBUG FORJA] RAIO-X DOS PESOS (INT) ===
[16:39:50] [Server thread/INFO] (Minecraft) [STDOUT]: Sorte do Jogador: 0.0
[16:39:50] [Server thread/INFO] (Minecraft) [STDOUT]: Reforge Modifier (Corte da Forja): 0.9
[16:39:50] [Server thread/INFO] (Minecraft) [STDOUT]: Luck Modifier (Bônus da Sorte): 0.02
[16:39:50] [Server thread/INFO] (Minecraft) [STDOUT]: --- CICLO DE VIDA DOS PESOS ---
[16:39:50] [Server thread/INFO] (Minecraft) [STDOUT]: all_tools/mythic_tool_1 -> JSON: 0 | Forja(+1): 1 | FINAL: 1
[16:39:50] [Server thread/INFO] (Minecraft) [STDOUT]: all_tools/unique_tool_4 -> JSON: 1 | Forja(+1): 2 | FINAL: 2
[16:39:50] [Server thread/INFO] (Minecraft) [STDOUT]: all_tools/unique_tool_2 -> JSON: 1 | Forja(+1): 2 | FINAL: 2
[16:39:50] [Server thread/INFO] (Minecraft) [STDOUT]: all_tools/unique_tool_3 -> JSON: 1 | Forja(+1): 2 | FINAL: 2
[16:39:50] [Server thread/INFO] (Minecraft) [STDOUT]: all_tools/unique_tool_1 -> JSON: 1 | Forja(+1): 2 | FINAL: 2
[16:39:50] [Server thread/INFO] (Minecraft) [STDOUT]: all_tools/legendary_tool_1 -> JSON: 7 | Forja(+1): 8 | FINAL: 8
[16:39:50] [Server thread/INFO] (Minecraft) [STDOUT]: all_tools/legendary_tool_4 -> JSON: 7 | Forja(+1): 8 | FINAL: 8
[16:39:50] [Server thread/INFO] (Minecraft) [STDOUT]: all_tools/legendary_tool_3 -> JSON: 7 | Forja(+1): 8 | FINAL: 8
[16:39:50] [Server thread/INFO] (Minecraft) [STDOUT]: all_tools/legendary_tool_2 -> JSON: 7 | Forja(+1): 8 | FINAL: 8
[16:39:50] [Server thread/INFO] (Minecraft) [STDOUT]: all_tools/epic_tool_4 -> JSON: 15 | Forja(+1): 16 | FINAL: 16
[16:39:50] [Server thread/INFO] (Minecraft) [STDOUT]: all_tools/epic_tool_1 -> JSON: 15 | Forja(+1): 16 | FINAL: 16
[16:39:50] [Server thread/INFO] (Minecraft) [STDOUT]: all_tools/epic_tool_3 -> JSON: 15 | Forja(+1): 16 | FINAL: 16
[16:39:50] [Server thread/INFO] (Minecraft) [STDOUT]: all_tools/epic_tool_2 -> JSON: 15 | Forja(+1): 16 | FINAL: 16
[16:39:50] [Server thread/INFO] (Minecraft) [STDOUT]: all_tools/rare_tool_4 -> JSON: 30 | Forja(+1): 31 | FINAL: 27
[16:39:50] [Server thread/INFO] (Minecraft) [STDOUT]: all_tools/rare_tool_3 -> JSON: 30 | Forja(+1): 31 | FINAL: 27
[16:39:50] [Server thread/INFO] (Minecraft) [STDOUT]: all_tools/rare_tool_2 -> JSON: 30 | Forja(+1): 31 | FINAL: 27
[16:39:50] [Server thread/INFO] (Minecraft) [STDOUT]: all_tools/rare_tool_1 -> JSON: 30 | Forja(+1): 31 | FINAL: 27
[16:39:50] [Server thread/INFO] (Minecraft) [STDOUT]: all_tools/uncommon_tool_4 -> JSON: 45 | Forja(+1): 46 | FINAL: 41
[16:39:50] [Server thread/INFO] (Minecraft) [STDOUT]: all_tools/uncommon_tool_3 -> JSON: 45 | Forja(+1): 46 | FINAL: 41
[16:39:50] [Server thread/INFO] (Minecraft) [STDOUT]: all_tools/uncommon_tool_2 -> JSON: 45 | Forja(+1): 46 | FINAL: 41
[16:39:50] [Server thread/INFO] (Minecraft) [STDOUT]: all_tools/uncommon_tool_1 -> JSON: 45 | Forja(+1): 46 | FINAL: 41
[16:39:50] [Server thread/INFO] (Minecraft) [STDOUT]: all_tools/common_tool_4 -> JSON: 60 | Forja(+1): 61 | FINAL: 54
[16:39:50] [Server thread/INFO] (Minecraft) [STDOUT]: all_tools/common_tool_2 -> JSON: 60 | Forja(+1): 61 | FINAL: 54
[16:39:50] [Server thread/INFO] (Minecraft) [STDOUT]: all_tools/common_tool_3 -> JSON: 60 | Forja(+1): 61 | FINAL: 54
[16:39:50] [Server thread/INFO] (Minecraft) [STDOUT]: all_tools/common_tool_1 -> JSON: 60 | Forja(+1): 61 | FINAL: 54
[16:39:50] [Server thread/INFO] (Minecraft) [STDOUT]: Peso Total da Roleta: 593
[16:39:50] [Server thread/INFO] (Minecraft) [STDOUT]: ====================================================
[16:39:50] [Server thread/INFO] (Minecraft) [STDOUT]: [ARPG DEBUG] Injetado +0.73125 (ADD_MULTIPLIED_TOTAL) de hard_labor no slot mainhand!
[16:39:51] [Server thread/INFO] (Minecraft) [STDOUT]: === [DEBUG FORJA] RAIO-X DOS PESOS (INT) ===
[16:39:51] [Server thread/INFO] (Minecraft) [STDOUT]: Sorte do Jogador: 0.0
[16:39:51] [Server thread/INFO] (Minecraft) [STDOUT]: Reforge Modifier (Corte da Forja): 0.9
[16:39:51] [Server thread/INFO] (Minecraft) [STDOUT]: Luck Modifier (Bônus da Sorte): 0.02
[16:39:51] [Server thread/INFO] (Minecraft) [STDOUT]: --- CICLO DE VIDA DOS PESOS ---
[16:39:51] [Server thread/INFO] (Minecraft) [STDOUT]: all_tools/mythic_tool_1 -> JSON: 0 | Forja(+1): 1 | FINAL: 1
[16:39:51] [Server thread/INFO] (Minecraft) [STDOUT]: all_tools/unique_tool_4 -> JSON: 1 | Forja(+1): 2 | FINAL: 2
[16:39:51] [Server thread/INFO] (Minecraft) [STDOUT]: all_tools/unique_tool_2 -> JSON: 1 | Forja(+1): 2 | FINAL: 2
[16:39:51] [Server thread/INFO] (Minecraft) [STDOUT]: all_tools/unique_tool_3 -> JSON: 1 | Forja(+1): 2 | FINAL: 2
[16:39:51] [Server thread/INFO] (Minecraft) [STDOUT]: all_tools/unique_tool_1 -> JSON: 1 | Forja(+1): 2 | FINAL: 2
[16:39:51] [Server thread/INFO] (Minecraft) [STDOUT]: all_tools/legendary_tool_1 -> JSON: 7 | Forja(+1): 8 | FINAL: 8
[16:39:51] [Server thread/INFO] (Minecraft) [STDOUT]: all_tools/legendary_tool_4 -> JSON: 7 | Forja(+1): 8 | FINAL: 8
[16:39:51] [Server thread/INFO] (Minecraft) [STDOUT]: all_tools/legendary_tool_3 -> JSON: 7 | Forja(+1): 8 | FINAL: 8
[16:39:51] [Server thread/INFO] (Minecraft) [STDOUT]: all_tools/legendary_tool_2 -> JSON: 7 | Forja(+1): 8 | FINAL: 8
[16:39:51] [Server thread/INFO] (Minecraft) [STDOUT]: all_tools/epic_tool_4 -> JSON: 15 | Forja(+1): 16 | FINAL: 16
[16:39:51] [Server thread/INFO] (Minecraft) [STDOUT]: all_tools/epic_tool_1 -> JSON: 15 | Forja(+1): 16 | FINAL: 16
[16:39:51] [Server thread/INFO] (Minecraft) [STDOUT]: all_tools/epic_tool_3 -> JSON: 15 | Forja(+1): 16 | FINAL: 16
[16:39:51] [Server thread/INFO] (Minecraft) [STDOUT]: all_tools/epic_tool_2 -> JSON: 15 | Forja(+1): 16 | FINAL: 16
[16:39:51] [Server thread/INFO] (Minecraft) [STDOUT]: all_tools/rare_tool_4 -> JSON: 30 | Forja(+1): 31 | FINAL: 27
[16:39:51] [Server thread/INFO] (Minecraft) [STDOUT]: all_tools/rare_tool_3 -> JSON: 30 | Forja(+1): 31 | FINAL: 27
[16:39:51] [Server thread/INFO] (Minecraft) [STDOUT]: all_tools/rare_tool_2 -> JSON: 30 | Forja(+1): 31 | FINAL: 27
[16:39:51] [Server thread/INFO] (Minecraft) [STDOUT]: all_tools/rare_tool_1 -> JSON: 30 | Forja(+1): 31 | FINAL: 27
[16:39:51] [Server thread/INFO] (Minecraft) [STDOUT]: all_tools/uncommon_tool_4 -> JSON: 45 | Forja(+1): 46 | FINAL: 41
[16:39:51] [Server thread/INFO] (Minecraft) [STDOUT]: all_tools/uncommon_tool_3 -> JSON: 45 | Forja(+1): 46 | FINAL: 41
[16:39:51] [Server thread/INFO] (Minecraft) [STDOUT]: all_tools/uncommon_tool_2 -> JSON: 45 | Forja(+1): 46 | FINAL: 41
[16:39:51] [Server thread/INFO] (Minecraft) [STDOUT]: all_tools/uncommon_tool_1 -> JSON: 45 | Forja(+1): 46 | FINAL: 41
[16:39:51] [Server thread/INFO] (Minecraft) [STDOUT]: all_tools/common_tool_4 -> JSON: 60 | Forja(+1): 61 | FINAL: 54
[16:39:51] [Server thread/INFO] (Minecraft) [STDOUT]: all_tools/common_tool_2 -> JSON: 60 | Forja(+1): 61 | FINAL: 54
[16:39:51] [Server thread/INFO] (Minecraft) [STDOUT]: all_tools/common_tool_3 -> JSON: 60 | Forja(+1): 61 | FINAL: 54
[16:39:51] [Server thread/INFO] (Minecraft) [STDOUT]: all_tools/common_tool_1 -> JSON: 60 | Forja(+1): 61 | FINAL: 54
[16:39:51] [Server thread/INFO] (Minecraft) [STDOUT]: Peso Total da Roleta: 593
[16:39:51] [Server thread/INFO] (Minecraft) [STDOUT]: ====================================================
[16:39:51] [Server thread/INFO] (Minecraft) [STDOUT]: [ARPG DEBUG] Injetado +0.73125 (ADD_MULTIPLIED_TOTAL) de hard_labor no slot mainhand!
[16:39:51] [Server thread/INFO] (Minecraft) [STDOUT]: === [DEBUG FORJA] RAIO-X DOS PESOS (INT) ===
[16:39:51] [Server thread/INFO] (Minecraft) [STDOUT]: Sorte do Jogador: 0.0
[16:39:51] [Server thread/INFO] (Minecraft) [STDOUT]: Reforge Modifier (Corte da Forja): 0.9
[16:39:51] [Server thread/INFO] (Minecraft) [STDOUT]: Luck Modifier (Bônus da Sorte): 0.02
[16:39:51] [Server thread/INFO] (Minecraft) [STDOUT]: --- CICLO DE VIDA DOS PESOS ---
[16:39:51] [Server thread/INFO] (Minecraft) [STDOUT]: all_tools/mythic_tool_1 -> JSON: 0 | Forja(+1): 1 | FINAL: 1
[16:39:51] [Server thread/INFO] (Minecraft) [STDOUT]: all_tools/unique_tool_4 -> JSON: 1 | Forja(+1): 2 | FINAL: 2
[16:39:51] [Server thread/INFO] (Minecraft) [STDOUT]: all_tools/unique_tool_2 -> JSON: 1 | Forja(+1): 2 | FINAL: 2
[16:39:51] [Server thread/INFO] (Minecraft) [STDOUT]: all_tools/unique_tool_3 -> JSON: 1 | Forja(+1): 2 | FINAL: 2
[16:39:51] [Server thread/INFO] (Minecraft) [STDOUT]: all_tools/unique_tool_1 -> JSON: 1 | Forja(+1): 2 | FINAL: 2
[16:39:51] [Server thread/INFO] (Minecraft) [STDOUT]: all_tools/legendary_tool_1 -> JSON: 7 | Forja(+1): 8 | FINAL: 8
[16:39:51] [Server thread/INFO] (Minecraft) [STDOUT]: all_tools/legendary_tool_4 -> JSON: 7 | Forja(+1): 8 | FINAL: 8
[16:39:51] [Server thread/INFO] (Minecraft) [STDOUT]: all_tools/legendary_tool_3 -> JSON: 7 | Forja(+1): 8 | FINAL: 8
[16:39:51] [Server thread/INFO] (Minecraft) [STDOUT]: all_tools/legendary_tool_2 -> JSON: 7 | Forja(+1): 8 | FINAL: 8
[16:39:51] [Server thread/INFO] (Minecraft) [STDOUT]: all_tools/epic_tool_4 -> JSON: 15 | Forja(+1): 16 | FINAL: 16
[16:39:51] [Server thread/INFO] (Minecraft) [STDOUT]: all_tools/epic_tool_1 -> JSON: 15 | Forja(+1): 16 | FINAL: 16
[16:39:51] [Server thread/INFO] (Minecraft) [STDOUT]: all_tools/epic_tool_3 -> JSON: 15 | Forja(+1): 16 | FINAL: 16
[16:39:51] [Server thread/INFO] (Minecraft) [STDOUT]: all_tools/epic_tool_2 -> JSON: 15 | Forja(+1): 16 | FINAL: 16
[16:39:51] [Server thread/INFO] (Minecraft) [STDOUT]: all_tools/rare_tool_4 -> JSON: 30 | Forja(+1): 31 | FINAL: 27
[16:39:51] [Server thread/INFO] (Minecraft) [STDOUT]: all_tools/rare_tool_3 -> JSON: 30 | Forja(+1): 31 | FINAL: 27
[16:39:51] [Server thread/INFO] (Minecraft) [STDOUT]: all_tools/rare_tool_2 -> JSON: 30 | Forja(+1): 31 | FINAL: 27
[16:39:51] [Server thread/INFO] (Minecraft) [STDOUT]: all_tools/rare_tool_1 -> JSON: 30 | Forja(+1): 31 | FINAL: 27
[16:39:51] [Server thread/INFO] (Minecraft) [STDOUT]: all_tools/uncommon_tool_4 -> JSON: 45 | Forja(+1): 46 | FINAL: 41
[16:39:51] [Server thread/INFO] (Minecraft) [STDOUT]: all_tools/uncommon_tool_3 -> JSON: 45 | Forja(+1): 46 | FINAL: 41
[16:39:51] [Server thread/INFO] (Minecraft) [STDOUT]: all_tools/uncommon_tool_2 -> JSON: 45 | Forja(+1): 46 | FINAL: 41
[16:39:51] [Server thread/INFO] (Minecraft) [STDOUT]: all_tools/uncommon_tool_1 -> JSON: 45 | Forja(+1): 46 | FINAL: 41
[16:39:51] [Server thread/INFO] (Minecraft) [STDOUT]: all_tools/common_tool_4 -> JSON: 60 | Forja(+1): 61 | FINAL: 54
[16:39:51] [Server thread/INFO] (Minecraft) [STDOUT]: all_tools/common_tool_2 -> JSON: 60 | Forja(+1): 61 | FINAL: 54
[16:39:51] [Server thread/INFO] (Minecraft) [STDOUT]: all_tools/common_tool_3 -> JSON: 60 | Forja(+1): 61 | FINAL: 54
[16:39:51] [Server thread/INFO] (Minecraft) [STDOUT]: all_tools/common_tool_1 -> JSON: 60 | Forja(+1): 61 | FINAL: 54
[16:39:51] [Server thread/INFO] (Minecraft) [STDOUT]: Peso Total da Roleta: 593
[16:39:51] [Server thread/INFO] (Minecraft) [STDOUT]: ====================================================
[16:39:51] [Server thread/INFO] (Minecraft) [STDOUT]: [ARPG DEBUG] Injetado +0.73125 (ADD_MULTIPLIED_TOTAL) de hard_labor no slot mainhand!
[16:39:51] [Server thread/INFO] (Minecraft) [STDOUT]: === [DEBUG FORJA] RAIO-X DOS PESOS (INT) ===
[16:39:51] [Server thread/INFO] (Minecraft) [STDOUT]: Sorte do Jogador: 0.0
[16:39:51] [Server thread/INFO] (Minecraft) [STDOUT]: Reforge Modifier (Corte da Forja): 0.9
[16:39:51] [Server thread/INFO] (Minecraft) [STDOUT]: Luck Modifier (Bônus da Sorte): 0.02
[16:39:51] [Server thread/INFO] (Minecraft) [STDOUT]: --- CICLO DE VIDA DOS PESOS ---
[16:39:51] [Server thread/INFO] (Minecraft) [STDOUT]: all_tools/mythic_tool_1 -> JSON: 0 | Forja(+1): 1 | FINAL: 1
[16:39:51] [Server thread/INFO] (Minecraft) [STDOUT]: all_tools/unique_tool_4 -> JSON: 1 | Forja(+1): 2 | FINAL: 2
[16:39:51] [Server thread/INFO] (Minecraft) [STDOUT]: all_tools/unique_tool_2 -> JSON: 1 | Forja(+1): 2 | FINAL: 2
[16:39:51] [Server thread/INFO] (Minecraft) [STDOUT]: all_tools/unique_tool_3 -> JSON: 1 | Forja(+1): 2 | FINAL: 2
[16:39:51] [Server thread/INFO] (Minecraft) [STDOUT]: all_tools/unique_tool_1 -> JSON: 1 | Forja(+1): 2 | FINAL: 2
[16:39:51] [Server thread/INFO] (Minecraft) [STDOUT]: all_tools/legendary_tool_1 -> JSON: 7 | Forja(+1): 8 | FINAL: 8
[16:39:51] [Server thread/INFO] (Minecraft) [STDOUT]: all_tools/legendary_tool_4 -> JSON: 7 | Forja(+1): 8 | FINAL: 8
[16:39:51] [Server thread/INFO] (Minecraft) [STDOUT]: all_tools/legendary_tool_3 -> JSON: 7 | Forja(+1): 8 | FINAL: 8
[16:39:51] [Server thread/INFO] (Minecraft) [STDOUT]: all_tools/legendary_tool_2 -> JSON: 7 | Forja(+1): 8 | FINAL: 8
[16:39:51] [Server thread/INFO] (Minecraft) [STDOUT]: all_tools/epic_tool_4 -> JSON: 15 | Forja(+1): 16 | FINAL: 16
[16:39:51] [Server thread/INFO] (Minecraft) [STDOUT]: all_tools/epic_tool_1 -> JSON: 15 | Forja(+1): 16 | FINAL: 16
[16:39:51] [Server thread/INFO] (Minecraft) [STDOUT]: all_tools/epic_tool_3 -> JSON: 15 | Forja(+1): 16 | FINAL: 16
[16:39:51] [Server thread/INFO] (Minecraft) [STDOUT]: all_tools/epic_tool_2 -> JSON: 15 | Forja(+1): 16 | FINAL: 16
[16:39:51] [Server thread/INFO] (Minecraft) [STDOUT]: all_tools/rare_tool_4 -> JSON: 30 | Forja(+1): 31 | FINAL: 27
[16:39:51] [Server thread/INFO] (Minecraft) [STDOUT]: all_tools/rare_tool_3 -> JSON: 30 | Forja(+1): 31 | FINAL: 27
[16:39:51] [Server thread/INFO] (Minecraft) [STDOUT]: all_tools/rare_tool_2 -> JSON: 30 | Forja(+1): 31 | FINAL: 27
[16:39:51] [Server thread/INFO] (Minecraft) [STDOUT]: all_tools/rare_tool_1 -> JSON: 30 | Forja(+1): 31 | FINAL: 27
[16:39:51] [Server thread/INFO] (Minecraft) [STDOUT]: all_tools/uncommon_tool_4 -> JSON: 45 | Forja(+1): 46 | FINAL: 41
[16:39:51] [Server thread/INFO] (Minecraft) [STDOUT]: all_tools/uncommon_tool_3 -> JSON: 45 | Forja(+1): 46 | FINAL: 41
[16:39:51] [Server thread/INFO] (Minecraft) [STDOUT]: all_tools/uncommon_tool_2 -> JSON: 45 | Forja(+1): 46 | FINAL: 41
[16:39:51] [Server thread/INFO] (Minecraft) [STDOUT]: all_tools/uncommon_tool_1 -> JSON: 45 | Forja(+1): 46 | FINAL: 41
[16:39:51] [Server thread/INFO] (Minecraft) [STDOUT]: all_tools/common_tool_4 -> JSON: 60 | Forja(+1): 61 | FINAL: 54
[16:39:51] [Server thread/INFO] (Minecraft) [STDOUT]: all_tools/common_tool_2 -> JSON: 60 | Forja(+1): 61 | FINAL: 54
[16:39:51] [Server thread/INFO] (Minecraft) [STDOUT]: all_tools/common_tool_3 -> JSON: 60 | Forja(+1): 61 | FINAL: 54
[16:39:51] [Server thread/INFO] (Minecraft) [STDOUT]: all_tools/common_tool_1 -> JSON: 60 | Forja(+1): 61 | FINAL: 54
[16:39:51] [Server thread/INFO] (Minecraft) [STDOUT]: Peso Total da Roleta: 593
[16:39:51] [Server thread/INFO] (Minecraft) [STDOUT]: ====================================================
[16:39:51] [Server thread/INFO] (Minecraft) [STDOUT]: [ARPG DEBUG] Injetado +0.73125 (ADD_MULTIPLIED_TOTAL) de hard_labor no slot mainhand!
[16:39:52] [Server thread/INFO] (Minecraft) [STDOUT]: === [DEBUG FORJA] RAIO-X DOS PESOS (INT) ===
[16:39:52] [Server thread/INFO] (Minecraft) [STDOUT]: Sorte do Jogador: 0.0
[16:39:52] [Server thread/INFO] (Minecraft) [STDOUT]: Reforge Modifier (Corte da Forja): 0.9
[16:39:52] [Server thread/INFO] (Minecraft) [STDOUT]: Luck Modifier (Bônus da Sorte): 0.02
[16:39:52] [Server thread/INFO] (Minecraft) [STDOUT]: --- CICLO DE VIDA DOS PESOS ---
[16:39:52] [Server thread/INFO] (Minecraft) [STDOUT]: all_tools/mythic_tool_1 -> JSON: 0 | Forja(+1): 1 | FINAL: 1
[16:39:52] [Server thread/INFO] (Minecraft) [STDOUT]: all_tools/unique_tool_4 -> JSON: 1 | Forja(+1): 2 | FINAL: 2
[16:39:52] [Server thread/INFO] (Minecraft) [STDOUT]: all_tools/unique_tool_2 -> JSON: 1 | Forja(+1): 2 | FINAL: 2
[16:39:52] [Server thread/INFO] (Minecraft) [STDOUT]: all_tools/unique_tool_3 -> JSON: 1 | Forja(+1): 2 | FINAL: 2
[16:39:52] [Server thread/INFO] (Minecraft) [STDOUT]: all_tools/unique_tool_1 -> JSON: 1 | Forja(+1): 2 | FINAL: 2
[16:39:52] [Server thread/INFO] (Minecraft) [STDOUT]: all_tools/legendary_tool_1 -> JSON: 7 | Forja(+1): 8 | FINAL: 8
[16:39:52] [Server thread/INFO] (Minecraft) [STDOUT]: all_tools/legendary_tool_4 -> JSON: 7 | Forja(+1): 8 | FINAL: 8
[16:39:52] [Server thread/INFO] (Minecraft) [STDOUT]: all_tools/legendary_tool_3 -> JSON: 7 | Forja(+1): 8 | FINAL: 8
[16:39:52] [Server thread/INFO] (Minecraft) [STDOUT]: all_tools/legendary_tool_2 -> JSON: 7 | Forja(+1): 8 | FINAL: 8
[16:39:52] [Server thread/INFO] (Minecraft) [STDOUT]: all_tools/epic_tool_4 -> JSON: 15 | Forja(+1): 16 | FINAL: 16
[16:39:52] [Server thread/INFO] (Minecraft) [STDOUT]: all_tools/epic_tool_1 -> JSON: 15 | Forja(+1): 16 | FINAL: 16
[16:39:52] [Server thread/INFO] (Minecraft) [STDOUT]: all_tools/epic_tool_3 -> JSON: 15 | Forja(+1): 16 | FINAL: 16
[16:39:52] [Server thread/INFO] (Minecraft) [STDOUT]: all_tools/epic_tool_2 -> JSON: 15 | Forja(+1): 16 | FINAL: 16
[16:39:52] [Server thread/INFO] (Minecraft) [STDOUT]: all_tools/rare_tool_4 -> JSON: 30 | Forja(+1): 31 | FINAL: 27
[16:39:52] [Server thread/INFO] (Minecraft) [STDOUT]: all_tools/rare_tool_3 -> JSON: 30 | Forja(+1): 31 | FINAL: 27
[16:39:52] [Server thread/INFO] (Minecraft) [STDOUT]: all_tools/rare_tool_2 -> JSON: 30 | Forja(+1): 31 | FINAL: 27
[16:39:52] [Server thread/INFO] (Minecraft) [STDOUT]: all_tools/rare_tool_1 -> JSON: 30 | Forja(+1): 31 | FINAL: 27
[16:39:52] [Server thread/INFO] (Minecraft) [STDOUT]: all_tools/uncommon_tool_4 -> JSON: 45 | Forja(+1): 46 | FINAL: 41
[16:39:52] [Server thread/INFO] (Minecraft) [STDOUT]: all_tools/uncommon_tool_3 -> JSON: 45 | Forja(+1): 46 | FINAL: 41
[16:39:52] [Server thread/INFO] (Minecraft) [STDOUT]: all_tools/uncommon_tool_2 -> JSON: 45 | Forja(+1): 46 | FINAL: 41
[16:39:52] [Server thread/INFO] (Minecraft) [STDOUT]: all_tools/uncommon_tool_1 -> JSON: 45 | Forja(+1): 46 | FINAL: 41
[16:39:52] [Server thread/INFO] (Minecraft) [STDOUT]: all_tools/common_tool_4 -> JSON: 60 | Forja(+1): 61 | FINAL: 54
[16:39:52] [Server thread/INFO] (Minecraft) [STDOUT]: all_tools/common_tool_2 -> JSON: 60 | Forja(+1): 61 | FINAL: 54
[16:39:52] [Server thread/INFO] (Minecraft) [STDOUT]: all_tools/common_tool_3 -> JSON: 60 | Forja(+1): 61 | FINAL: 54
[16:39:52] [Server thread/INFO] (Minecraft) [STDOUT]: all_tools/common_tool_1 -> JSON: 60 | Forja(+1): 61 | FINAL: 54
[16:39:52] [Server thread/INFO] (Minecraft) [STDOUT]: Peso Total da Roleta: 593
[16:39:52] [Server thread/INFO] (Minecraft) [STDOUT]: ====================================================
[16:39:52] [Server thread/INFO] (Minecraft) [STDOUT]: [ARPG DEBUG] Injetado +0.73125 (ADD_MULTIPLIED_TOTAL) de hard_labor no slot mainhand!
[16:39:56] [Server thread/INFO] (Minecraft) Saving and pausing game...
[16:39:56] [Server thread/INFO] (Minecraft) Saving chunks for level 'ServerLevel[New World]'/minecraft:overworld
[16:39:56] [Server thread/INFO] (Minecraft) Saving chunks for level 'ServerLevel[New World]'/minecraft:the_end
[16:39:56] [Server thread/INFO] (Minecraft) Saving chunks for level 'ServerLevel[New World]'/minecraft:the_nether
[16:40:00] [Server thread/INFO] (Minecraft) [STDOUT]: === [DEBUG FORJA] RAIO-X DOS PESOS (INT) ===
[16:40:00] [Server thread/INFO] (Minecraft) [STDOUT]: Sorte do Jogador: 0.0
[16:40:00] [Server thread/INFO] (Minecraft) [STDOUT]: Reforge Modifier (Corte da Forja): 0.9
[16:40:00] [Server thread/INFO] (Minecraft) [STDOUT]: Luck Modifier (Bônus da Sorte): 0.02
[16:40:00] [Server thread/INFO] (Minecraft) [STDOUT]: --- CICLO DE VIDA DOS PESOS ---
[16:40:00] [Server thread/INFO] (Minecraft) [STDOUT]: all_tools/mythic_tool_1 -> JSON: 0 | Forja(+1): 1 | FINAL: 1
[16:40:00] [Server thread/INFO] (Minecraft) [STDOUT]: all_tools/unique_tool_4 -> JSON: 1 | Forja(+1): 2 | FINAL: 2
[16:40:00] [Server thread/INFO] (Minecraft) [STDOUT]: all_tools/unique_tool_2 -> JSON: 1 | Forja(+1): 2 | FINAL: 2
[16:40:00] [Server thread/INFO] (Minecraft) [STDOUT]: all_tools/unique_tool_3 -> JSON: 1 | Forja(+1): 2 | FINAL: 2
[16:40:00] [Server thread/INFO] (Minecraft) [STDOUT]: all_tools/unique_tool_1 -> JSON: 1 | Forja(+1): 2 | FINAL: 2
[16:40:00] [Server thread/INFO] (Minecraft) [STDOUT]: all_tools/legendary_tool_1 -> JSON: 7 | Forja(+1): 8 | FINAL: 8
[16:40:00] [Server thread/INFO] (Minecraft) [STDOUT]: all_tools/legendary_tool_4 -> JSON: 7 | Forja(+1): 8 | FINAL: 8
[16:40:00] [Server thread/INFO] (Minecraft) [STDOUT]: all_tools/legendary_tool_3 -> JSON: 7 | Forja(+1): 8 | FINAL: 8
[16:40:00] [Server thread/INFO] (Minecraft) [STDOUT]: all_tools/legendary_tool_2 -> JSON: 7 | Forja(+1): 8 | FINAL: 8
[16:40:00] [Server thread/INFO] (Minecraft) [STDOUT]: all_tools/epic_tool_4 -> JSON: 15 | Forja(+1): 16 | FINAL: 16
[16:40:00] [Server thread/INFO] (Minecraft) [STDOUT]: all_tools/epic_tool_1 -> JSON: 15 | Forja(+1): 16 | FINAL: 16
[16:40:00] [Server thread/INFO] (Minecraft) [STDOUT]: all_tools/epic_tool_3 -> JSON: 15 | Forja(+1): 16 | FINAL: 16
[16:40:00] [Server thread/INFO] (Minecraft) [STDOUT]: all_tools/epic_tool_2 -> JSON: 15 | Forja(+1): 16 | FINAL: 16
[16:40:00] [Server thread/INFO] (Minecraft) [STDOUT]: all_tools/rare_tool_4 -> JSON: 30 | Forja(+1): 31 | FINAL: 27
[16:40:00] [Server thread/INFO] (Minecraft) [STDOUT]: all_tools/rare_tool_3 -> JSON: 30 | Forja(+1): 31 | FINAL: 27
[16:40:00] [Server thread/INFO] (Minecraft) [STDOUT]: all_tools/rare_tool_2 -> JSON: 30 | Forja(+1): 31 | FINAL: 27
[16:40:00] [Server thread/INFO] (Minecraft) [STDOUT]: all_tools/rare_tool_1 -> JSON: 30 | Forja(+1): 31 | FINAL: 27
[16:40:00] [Server thread/INFO] (Minecraft) [STDOUT]: all_tools/uncommon_tool_4 -> JSON: 45 | Forja(+1): 46 | FINAL: 41
[16:40:00] [Server thread/INFO] (Minecraft) [STDOUT]: all_tools/uncommon_tool_3 -> JSON: 45 | Forja(+1): 46 | FINAL: 41
[16:40:00] [Server thread/INFO] (Minecraft) [STDOUT]: all_tools/uncommon_tool_2 -> JSON: 45 | Forja(+1): 46 | FINAL: 41
[16:40:00] [Server thread/INFO] (Minecraft) [STDOUT]: all_tools/uncommon_tool_1 -> JSON: 45 | Forja(+1): 46 | FINAL: 41
[16:40:00] [Server thread/INFO] (Minecraft) [STDOUT]: all_tools/common_tool_4 -> JSON: 60 | Forja(+1): 61 | FINAL: 54
[16:40:00] [Server thread/INFO] (Minecraft) [STDOUT]: all_tools/common_tool_2 -> JSON: 60 | Forja(+1): 61 | FINAL: 54
[16:40:00] [Server thread/INFO] (Minecraft) [STDOUT]: all_tools/common_tool_3 -> JSON: 60 | Forja(+1): 61 | FINAL: 54
[16:40:00] [Server thread/INFO] (Minecraft) [STDOUT]: all_tools/common_tool_1 -> JSON: 60 | Forja(+1): 61 | FINAL: 54
[16:40:00] [Server thread/INFO] (Minecraft) [STDOUT]: Peso Total da Roleta: 593
[16:40:00] [Server thread/INFO] (Minecraft) [STDOUT]: ====================================================
[16:40:00] [Server thread/INFO] (Minecraft) [STDOUT]: [ARPG DEBUG] Injetado +0.73125 (ADD_MULTIPLIED_TOTAL) de hard_labor no slot mainhand!
[16:40:00] [Server thread/INFO] (Minecraft) [STDOUT]: === [DEBUG FORJA] RAIO-X DOS PESOS (INT) ===
[16:40:00] [Server thread/INFO] (Minecraft) [STDOUT]: Sorte do Jogador: 0.0
[16:40:00] [Server thread/INFO] (Minecraft) [STDOUT]: Reforge Modifier (Corte da Forja): 0.9
[16:40:00] [Server thread/INFO] (Minecraft) [STDOUT]: Luck Modifier (Bônus da Sorte): 0.02
[16:40:00] [Server thread/INFO] (Minecraft) [STDOUT]: --- CICLO DE VIDA DOS PESOS ---
[16:40:00] [Server thread/INFO] (Minecraft) [STDOUT]: all_tools/mythic_tool_1 -> JSON: 0 | Forja(+1): 1 | FINAL: 1
[16:40:00] [Server thread/INFO] (Minecraft) [STDOUT]: all_tools/unique_tool_4 -> JSON: 1 | Forja(+1): 2 | FINAL: 2
[16:40:00] [Server thread/INFO] (Minecraft) [STDOUT]: all_tools/unique_tool_2 -> JSON: 1 | Forja(+1): 2 | FINAL: 2
[16:40:00] [Server thread/INFO] (Minecraft) [STDOUT]: all_tools/unique_tool_3 -> JSON: 1 | Forja(+1): 2 | FINAL: 2
[16:40:00] [Server thread/INFO] (Minecraft) [STDOUT]: all_tools/unique_tool_1 -> JSON: 1 | Forja(+1): 2 | FINAL: 2
[16:40:00] [Server thread/INFO] (Minecraft) [STDOUT]: all_tools/legendary_tool_1 -> JSON: 7 | Forja(+1): 8 | FINAL: 8
[16:40:00] [Server thread/INFO] (Minecraft) [STDOUT]: all_tools/legendary_tool_4 -> JSON: 7 | Forja(+1): 8 | FINAL: 8
[16:40:00] [Server thread/INFO] (Minecraft) [STDOUT]: all_tools/legendary_tool_3 -> JSON: 7 | Forja(+1): 8 | FINAL: 8
[16:40:00] [Server thread/INFO] (Minecraft) [STDOUT]: all_tools/legendary_tool_2 -> JSON: 7 | Forja(+1): 8 | FINAL: 8
[16:40:00] [Server thread/INFO] (Minecraft) [STDOUT]: all_tools/epic_tool_4 -> JSON: 15 | Forja(+1): 16 | FINAL: 16
[16:40:00] [Server thread/INFO] (Minecraft) [STDOUT]: all_tools/epic_tool_1 -> JSON: 15 | Forja(+1): 16 | FINAL: 16
[16:40:00] [Server thread/INFO] (Minecraft) [STDOUT]: all_tools/epic_tool_3 -> JSON: 15 | Forja(+1): 16 | FINAL: 16
[16:40:00] [Server thread/INFO] (Minecraft) [STDOUT]: all_tools/epic_tool_2 -> JSON: 15 | Forja(+1): 16 | FINAL: 16
[16:40:00] [Server thread/INFO] (Minecraft) [STDOUT]: all_tools/rare_tool_4 -> JSON: 30 | Forja(+1): 31 | FINAL: 27
[16:40:00] [Server thread/INFO] (Minecraft) [STDOUT]: all_tools/rare_tool_3 -> JSON: 30 | Forja(+1): 31 | FINAL: 27
[16:40:00] [Server thread/INFO] (Minecraft) [STDOUT]: all_tools/rare_tool_2 -> JSON: 30 | Forja(+1): 31 | FINAL: 27
[16:40:00] [Server thread/INFO] (Minecraft) [STDOUT]: all_tools/rare_tool_1 -> JSON: 30 | Forja(+1): 31 | FINAL: 27
[16:40:00] [Server thread/INFO] (Minecraft) [STDOUT]: all_tools/uncommon_tool_4 -> JSON: 45 | Forja(+1): 46 | FINAL: 41
[16:40:00] [Server thread/INFO] (Minecraft) [STDOUT]: all_tools/uncommon_tool_3 -> JSON: 45 | Forja(+1): 46 | FINAL: 41
[16:40:00] [Server thread/INFO] (Minecraft) [STDOUT]: all_tools/uncommon_tool_2 -> JSON: 45 | Forja(+1): 46 | FINAL: 41
[16:40:00] [Server thread/INFO] (Minecraft) [STDOUT]: all_tools/uncommon_tool_1 -> JSON: 45 | Forja(+1): 46 | FINAL: 41
[16:40:00] [Server thread/INFO] (Minecraft) [STDOUT]: all_tools/common_tool_4 -> JSON: 60 | Forja(+1): 61 | FINAL: 54
[16:40:00] [Server thread/INFO] (Minecraft) [STDOUT]: all_tools/common_tool_2 -> JSON: 60 | Forja(+1): 61 | FINAL: 54
[16:40:00] [Server thread/INFO] (Minecraft) [STDOUT]: all_tools/common_tool_3 -> JSON: 60 | Forja(+1): 61 | FINAL: 54
[16:40:00] [Server thread/INFO] (Minecraft) [STDOUT]: all_tools/common_tool_1 -> JSON: 60 | Forja(+1): 61 | FINAL: 54
[16:40:00] [Server thread/INFO] (Minecraft) [STDOUT]: Peso Total da Roleta: 593
[16:40:00] [Server thread/INFO] (Minecraft) [STDOUT]: ====================================================
[16:40:00] [Server thread/INFO] (Minecraft) [STDOUT]: [ARPG DEBUG] Injetado +0.73125 (ADD_MULTIPLIED_TOTAL) de hard_labor no slot mainhand!
[16:40:04] [Server thread/INFO] (Minecraft) [STDOUT]: === [DEBUG FORJA] RAIO-X DOS PESOS (INT) ===
[16:40:04] [Server thread/INFO] (Minecraft) [STDOUT]: Sorte do Jogador: 0.0
[16:40:04] [Server thread/INFO] (Minecraft) [STDOUT]: Reforge Modifier (Corte da Forja): 0.9
[16:40:04] [Server thread/INFO] (Minecraft) [STDOUT]: Luck Modifier (Bônus da Sorte): 0.02
[16:40:04] [Server thread/INFO] (Minecraft) [STDOUT]: --- CICLO DE VIDA DOS PESOS ---
[16:40:04] [Server thread/INFO] (Minecraft) [STDOUT]: all_tools/mythic_tool_1 -> JSON: 0 | Forja(+1): 1 | FINAL: 1
[16:40:04] [Server thread/INFO] (Minecraft) [STDOUT]: all_tools/unique_tool_4 -> JSON: 1 | Forja(+1): 2 | FINAL: 2
[16:40:04] [Server thread/INFO] (Minecraft) [STDOUT]: all_tools/unique_tool_2 -> JSON: 1 | Forja(+1): 2 | FINAL: 2
[16:40:04] [Server thread/INFO] (Minecraft) [STDOUT]: all_tools/unique_tool_3 -> JSON: 1 | Forja(+1): 2 | FINAL: 2
[16:40:04] [Server thread/INFO] (Minecraft) [STDOUT]: all_tools/unique_tool_1 -> JSON: 1 | Forja(+1): 2 | FINAL: 2
[16:40:04] [Server thread/INFO] (Minecraft) [STDOUT]: all_tools/legendary_tool_1 -> JSON: 7 | Forja(+1): 8 | FINAL: 8
[16:40:04] [Server thread/INFO] (Minecraft) [STDOUT]: all_tools/legendary_tool_4 -> JSON: 7 | Forja(+1): 8 | FINAL: 8
[16:40:04] [Server thread/INFO] (Minecraft) [STDOUT]: all_tools/legendary_tool_3 -> JSON: 7 | Forja(+1): 8 | FINAL: 8
[16:40:04] [Server thread/INFO] (Minecraft) [STDOUT]: all_tools/legendary_tool_2 -> JSON: 7 | Forja(+1): 8 | FINAL: 8
[16:40:04] [Server thread/INFO] (Minecraft) [STDOUT]: all_tools/epic_tool_4 -> JSON: 15 | Forja(+1): 16 | FINAL: 16
[16:40:04] [Server thread/INFO] (Minecraft) [STDOUT]: all_tools/epic_tool_1 -> JSON: 15 | Forja(+1): 16 | FINAL: 16
[16:40:04] [Server thread/INFO] (Minecraft) [STDOUT]: all_tools/epic_tool_3 -> JSON: 15 | Forja(+1): 16 | FINAL: 16
[16:40:04] [Server thread/INFO] (Minecraft) [STDOUT]: all_tools/epic_tool_2 -> JSON: 15 | Forja(+1): 16 | FINAL: 16
[16:40:04] [Server thread/INFO] (Minecraft) [STDOUT]: all_tools/rare_tool_4 -> JSON: 30 | Forja(+1): 31 | FINAL: 27
[16:40:04] [Server thread/INFO] (Minecraft) [STDOUT]: all_tools/rare_tool_3 -> JSON: 30 | Forja(+1): 31 | FINAL: 27
[16:40:04] [Server thread/INFO] (Minecraft) [STDOUT]: all_tools/rare_tool_2 -> JSON: 30 | Forja(+1): 31 | FINAL: 27
[16:40:04] [Server thread/INFO] (Minecraft) [STDOUT]: all_tools/rare_tool_1 -> JSON: 30 | Forja(+1): 31 | FINAL: 27
[16:40:04] [Server thread/INFO] (Minecraft) [STDOUT]: all_tools/uncommon_tool_4 -> JSON: 45 | Forja(+1): 46 | FINAL: 41
[16:40:04] [Server thread/INFO] (Minecraft) [STDOUT]: all_tools/uncommon_tool_3 -> JSON: 45 | Forja(+1): 46 | FINAL: 41
[16:40:04] [Server thread/INFO] (Minecraft) [STDOUT]: all_tools/uncommon_tool_2 -> JSON: 45 | Forja(+1): 46 | FINAL: 41
[16:40:04] [Server thread/INFO] (Minecraft) [STDOUT]: all_tools/uncommon_tool_1 -> JSON: 45 | Forja(+1): 46 | FINAL: 41
[16:40:04] [Server thread/INFO] (Minecraft) [STDOUT]: all_tools/common_tool_4 -> JSON: 60 | Forja(+1): 61 | FINAL: 54
[16:40:04] [Server thread/INFO] (Minecraft) [STDOUT]: all_tools/common_tool_2 -> JSON: 60 | Forja(+1): 61 | FINAL: 54
[16:40:04] [Server thread/INFO] (Minecraft) [STDOUT]: all_tools/common_tool_3 -> JSON: 60 | Forja(+1): 61 | FINAL: 54
[16:40:04] [Server thread/INFO] (Minecraft) [STDOUT]: all_tools/common_tool_1 -> JSON: 60 | Forja(+1): 61 | FINAL: 54
[16:40:04] [Server thread/INFO] (Minecraft) [STDOUT]: Peso Total da Roleta: 593
[16:40:04] [Server thread/INFO] (Minecraft) [STDOUT]: ====================================================
[16:40:04] [Server thread/INFO] (Minecraft) [STDOUT]: [ARPG DEBUG] Injetado +0.73125 (ADD_MULTIPLIED_TOTAL) de hard_labor no slot mainhand!
[16:40:04] [Server thread/INFO] (Minecraft) [STDOUT]: === [DEBUG FORJA] RAIO-X DOS PESOS (INT) ===
[16:40:04] [Server thread/INFO] (Minecraft) [STDOUT]: Sorte do Jogador: 0.0
[16:40:04] [Server thread/INFO] (Minecraft) [STDOUT]: Reforge Modifier (Corte da Forja): 0.9
[16:40:04] [Server thread/INFO] (Minecraft) [STDOUT]: Luck Modifier (Bônus da Sorte): 0.02
[16:40:04] [Server thread/INFO] (Minecraft) [STDOUT]: --- CICLO DE VIDA DOS PESOS ---
[16:40:04] [Server thread/INFO] (Minecraft) [STDOUT]: all_tools/mythic_tool_1 -> JSON: 0 | Forja(+1): 1 | FINAL: 1
[16:40:04] [Server thread/INFO] (Minecraft) [STDOUT]: all_tools/unique_tool_4 -> JSON: 1 | Forja(+1): 2 | FINAL: 2
[16:40:04] [Server thread/INFO] (Minecraft) [STDOUT]: all_tools/unique_tool_2 -> JSON: 1 | Forja(+1): 2 | FINAL: 2
[16:40:04] [Server thread/INFO] (Minecraft) [STDOUT]: all_tools/unique_tool_3 -> JSON: 1 | Forja(+1): 2 | FINAL: 2
[16:40:04] [Server thread/INFO] (Minecraft) [STDOUT]: all_tools/unique_tool_1 -> JSON: 1 | Forja(+1): 2 | FINAL: 2
[16:40:04] [Server thread/INFO] (Minecraft) [STDOUT]: all_tools/legendary_tool_1 -> JSON: 7 | Forja(+1): 8 | FINAL: 8
[16:40:04] [Server thread/INFO] (Minecraft) [STDOUT]: all_tools/legendary_tool_4 -> JSON: 7 | Forja(+1): 8 | FINAL: 8
[16:40:04] [Server thread/INFO] (Minecraft) [STDOUT]: all_tools/legendary_tool_3 -> JSON: 7 | Forja(+1): 8 | FINAL: 8
[16:40:04] [Server thread/INFO] (Minecraft) [STDOUT]: all_tools/legendary_tool_2 -> JSON: 7 | Forja(+1): 8 | FINAL: 8
[16:40:04] [Server thread/INFO] (Minecraft) [STDOUT]: all_tools/epic_tool_4 -> JSON: 15 | Forja(+1): 16 | FINAL: 16
[16:40:04] [Server thread/INFO] (Minecraft) [STDOUT]: all_tools/epic_tool_1 -> JSON: 15 | Forja(+1): 16 | FINAL: 16
[16:40:04] [Server thread/INFO] (Minecraft) [STDOUT]: all_tools/epic_tool_3 -> JSON: 15 | Forja(+1): 16 | FINAL: 16
[16:40:04] [Server thread/INFO] (Minecraft) [STDOUT]: all_tools/epic_tool_2 -> JSON: 15 | Forja(+1): 16 | FINAL: 16
[16:40:04] [Server thread/INFO] (Minecraft) [STDOUT]: all_tools/rare_tool_4 -> JSON: 30 | Forja(+1): 31 | FINAL: 27
[16:40:04] [Server thread/INFO] (Minecraft) [STDOUT]: all_tools/rare_tool_3 -> JSON: 30 | Forja(+1): 31 | FINAL: 27
[16:40:04] [Server thread/INFO] (Minecraft) [STDOUT]: all_tools/rare_tool_2 -> JSON: 30 | Forja(+1): 31 | FINAL: 27
[16:40:04] [Server thread/INFO] (Minecraft) [STDOUT]: all_tools/rare_tool_1 -> JSON: 30 | Forja(+1): 31 | FINAL: 27
[16:40:04] [Server thread/INFO] (Minecraft) [STDOUT]: all_tools/uncommon_tool_4 -> JSON: 45 | Forja(+1): 46 | FINAL: 41
[16:40:04] [Server thread/INFO] (Minecraft) [STDOUT]: all_tools/uncommon_tool_3 -> JSON: 45 | Forja(+1): 46 | FINAL: 41
[16:40:04] [Server thread/INFO] (Minecraft) [STDOUT]: all_tools/uncommon_tool_2 -> JSON: 45 | Forja(+1): 46 | FINAL: 41
[16:40:04] [Server thread/INFO] (Minecraft) [STDOUT]: all_tools/uncommon_tool_1 -> JSON: 45 | Forja(+1): 46 | FINAL: 41
[16:40:04] [Server thread/INFO] (Minecraft) [STDOUT]: all_tools/common_tool_4 -> JSON: 60 | Forja(+1): 61 | FINAL: 54
[16:40:04] [Server thread/INFO] (Minecraft) [STDOUT]: all_tools/common_tool_2 -> JSON: 60 | Forja(+1): 61 | FINAL: 54
[16:40:04] [Server thread/INFO] (Minecraft) [STDOUT]: all_tools/common_tool_3 -> JSON: 60 | Forja(+1): 61 | FINAL: 54
[16:40:04] [Server thread/INFO] (Minecraft) [STDOUT]: all_tools/common_tool_1 -> JSON: 60 | Forja(+1): 61 | FINAL: 54
[16:40:04] [Server thread/INFO] (Minecraft) [STDOUT]: Peso Total da Roleta: 593
[16:40:04] [Server thread/INFO] (Minecraft) [STDOUT]: ====================================================
[16:40:04] [Server thread/INFO] (Minecraft) [STDOUT]: [ARPG DEBUG] Injetado +0.73125 (ADD_MULTIPLIED_TOTAL) de hard_labor no slot mainhand!
[16:40:05] [Server thread/INFO] (Minecraft) [STDOUT]: === [DEBUG FORJA] RAIO-X DOS PESOS (INT) ===
[16:40:05] [Server thread/INFO] (Minecraft) [STDOUT]: Sorte do Jogador: 0.0
[16:40:05] [Server thread/INFO] (Minecraft) [STDOUT]: Reforge Modifier (Corte da Forja): 0.9
[16:40:05] [Server thread/INFO] (Minecraft) [STDOUT]: Luck Modifier (Bônus da Sorte): 0.02
[16:40:05] [Server thread/INFO] (Minecraft) [STDOUT]: --- CICLO DE VIDA DOS PESOS ---
[16:40:05] [Server thread/INFO] (Minecraft) [STDOUT]: all_tools/mythic_tool_1 -> JSON: 0 | Forja(+1): 1 | FINAL: 1
[16:40:05] [Server thread/INFO] (Minecraft) [STDOUT]: all_tools/unique_tool_4 -> JSON: 1 | Forja(+1): 2 | FINAL: 2
[16:40:05] [Server thread/INFO] (Minecraft) [STDOUT]: all_tools/unique_tool_2 -> JSON: 1 | Forja(+1): 2 | FINAL: 2
[16:40:05] [Server thread/INFO] (Minecraft) [STDOUT]: all_tools/unique_tool_3 -> JSON: 1 | Forja(+1): 2 | FINAL: 2
[16:40:05] [Server thread/INFO] (Minecraft) [STDOUT]: all_tools/unique_tool_1 -> JSON: 1 | Forja(+1): 2 | FINAL: 2
[16:40:05] [Server thread/INFO] (Minecraft) [STDOUT]: all_tools/legendary_tool_1 -> JSON: 7 | Forja(+1): 8 | FINAL: 8
[16:40:05] [Server thread/INFO] (Minecraft) [STDOUT]: all_tools/legendary_tool_4 -> JSON: 7 | Forja(+1): 8 | FINAL: 8
[16:40:05] [Server thread/INFO] (Minecraft) [STDOUT]: all_tools/legendary_tool_3 -> JSON: 7 | Forja(+1): 8 | FINAL: 8
[16:40:05] [Server thread/INFO] (Minecraft) [STDOUT]: all_tools/legendary_tool_2 -> JSON: 7 | Forja(+1): 8 | FINAL: 8
[16:40:05] [Server thread/INFO] (Minecraft) [STDOUT]: all_tools/epic_tool_4 -> JSON: 15 | Forja(+1): 16 | FINAL: 16
[16:40:05] [Server thread/INFO] (Minecraft) [STDOUT]: all_tools/epic_tool_1 -> JSON: 15 | Forja(+1): 16 | FINAL: 16
[16:40:05] [Server thread/INFO] (Minecraft) [STDOUT]: all_tools/epic_tool_3 -> JSON: 15 | Forja(+1): 16 | FINAL: 16
[16:40:05] [Server thread/INFO] (Minecraft) [STDOUT]: all_tools/epic_tool_2 -> JSON: 15 | Forja(+1): 16 | FINAL: 16
[16:40:05] [Server thread/INFO] (Minecraft) [STDOUT]: all_tools/rare_tool_4 -> JSON: 30 | Forja(+1): 31 | FINAL: 27
[16:40:05] [Server thread/INFO] (Minecraft) [STDOUT]: all_tools/rare_tool_3 -> JSON: 30 | Forja(+1): 31 | FINAL: 27
[16:40:05] [Server thread/INFO] (Minecraft) [STDOUT]: all_tools/rare_tool_2 -> JSON: 30 | Forja(+1): 31 | FINAL: 27
[16:40:05] [Server thread/INFO] (Minecraft) [STDOUT]: all_tools/rare_tool_1 -> JSON: 30 | Forja(+1): 31 | FINAL: 27
[16:40:05] [Server thread/INFO] (Minecraft) [STDOUT]: all_tools/uncommon_tool_4 -> JSON: 45 | Forja(+1): 46 | FINAL: 41
[16:40:05] [Server thread/INFO] (Minecraft) [STDOUT]: all_tools/uncommon_tool_3 -> JSON: 45 | Forja(+1): 46 | FINAL: 41
[16:40:05] [Server thread/INFO] (Minecraft) [STDOUT]: all_tools/uncommon_tool_2 -> JSON: 45 | Forja(+1): 46 | FINAL: 41
[16:40:05] [Server thread/INFO] (Minecraft) [STDOUT]: all_tools/uncommon_tool_1 -> JSON: 45 | Forja(+1): 46 | FINAL: 41
[16:40:05] [Server thread/INFO] (Minecraft) [STDOUT]: all_tools/common_tool_4 -> JSON: 60 | Forja(+1): 61 | FINAL: 54
[16:40:05] [Server thread/INFO] (Minecraft) [STDOUT]: all_tools/common_tool_2 -> JSON: 60 | Forja(+1): 61 | FINAL: 54
[16:40:05] [Server thread/INFO] (Minecraft) [STDOUT]: all_tools/common_tool_3 -> JSON: 60 | Forja(+1): 61 | FINAL: 54
[16:40:05] [Server thread/INFO] (Minecraft) [STDOUT]: all_tools/common_tool_1 -> JSON: 60 | Forja(+1): 61 | FINAL: 54
[16:40:05] [Server thread/INFO] (Minecraft) [STDOUT]: Peso Total da Roleta: 593
[16:40:05] [Server thread/INFO] (Minecraft) [STDOUT]: ====================================================
[16:40:05] [Server thread/INFO] (Minecraft) [STDOUT]: [ARPG DEBUG] Injetado +0.73125 (ADD_MULTIPLIED_TOTAL) de hard_labor no slot mainhand!
[16:40:05] [Server thread/INFO] (Minecraft) [STDOUT]: === [DEBUG FORJA] RAIO-X DOS PESOS (INT) ===
[16:40:05] [Server thread/INFO] (Minecraft) [STDOUT]: Sorte do Jogador: 0.0
[16:40:05] [Server thread/INFO] (Minecraft) [STDOUT]: Reforge Modifier (Corte da Forja): 0.9
[16:40:05] [Server thread/INFO] (Minecraft) [STDOUT]: Luck Modifier (Bônus da Sorte): 0.02
[16:40:05] [Server thread/INFO] (Minecraft) [STDOUT]: --- CICLO DE VIDA DOS PESOS ---
[16:40:05] [Server thread/INFO] (Minecraft) [STDOUT]: all_tools/mythic_tool_1 -> JSON: 0 | Forja(+1): 1 | FINAL: 1
[16:40:05] [Server thread/INFO] (Minecraft) [STDOUT]: all_tools/unique_tool_4 -> JSON: 1 | Forja(+1): 2 | FINAL: 2
[16:40:05] [Server thread/INFO] (Minecraft) [STDOUT]: all_tools/unique_tool_2 -> JSON: 1 | Forja(+1): 2 | FINAL: 2
[16:40:05] [Server thread/INFO] (Minecraft) [STDOUT]: all_tools/unique_tool_3 -> JSON: 1 | Forja(+1): 2 | FINAL: 2
[16:40:05] [Server thread/INFO] (Minecraft) [STDOUT]: all_tools/unique_tool_1 -> JSON: 1 | Forja(+1): 2 | FINAL: 2
[16:40:05] [Server thread/INFO] (Minecraft) [STDOUT]: all_tools/legendary_tool_1 -> JSON: 7 | Forja(+1): 8 | FINAL: 8
[16:40:05] [Server thread/INFO] (Minecraft) [STDOUT]: all_tools/legendary_tool_4 -> JSON: 7 | Forja(+1): 8 | FINAL: 8
[16:40:05] [Server thread/INFO] (Minecraft) [STDOUT]: all_tools/legendary_tool_3 -> JSON: 7 | Forja(+1): 8 | FINAL: 8
[16:40:05] [Server thread/INFO] (Minecraft) [STDOUT]: all_tools/legendary_tool_2 -> JSON: 7 | Forja(+1): 8 | FINAL: 8
[16:40:05] [Server thread/INFO] (Minecraft) [STDOUT]: all_tools/epic_tool_4 -> JSON: 15 | Forja(+1): 16 | FINAL: 16
[16:40:05] [Server thread/INFO] (Minecraft) [STDOUT]: all_tools/epic_tool_1 -> JSON: 15 | Forja(+1): 16 | FINAL: 16
[16:40:05] [Server thread/INFO] (Minecraft) [STDOUT]: all_tools/epic_tool_3 -> JSON: 15 | Forja(+1): 16 | FINAL: 16
[16:40:05] [Server thread/INFO] (Minecraft) [STDOUT]: all_tools/epic_tool_2 -> JSON: 15 | Forja(+1): 16 | FINAL: 16
[16:40:05] [Server thread/INFO] (Minecraft) [STDOUT]: all_tools/rare_tool_4 -> JSON: 30 | Forja(+1): 31 | FINAL: 27
[16:40:05] [Server thread/INFO] (Minecraft) [STDOUT]: all_tools/rare_tool_3 -> JSON: 30 | Forja(+1): 31 | FINAL: 27
[16:40:05] [Server thread/INFO] (Minecraft) [STDOUT]: all_tools/rare_tool_2 -> JSON: 30 | Forja(+1): 31 | FINAL: 27
[16:40:05] [Server thread/INFO] (Minecraft) [STDOUT]: all_tools/rare_tool_1 -> JSON: 30 | Forja(+1): 31 | FINAL: 27
[16:40:05] [Server thread/INFO] (Minecraft) [STDOUT]: all_tools/uncommon_tool_4 -> JSON: 45 | Forja(+1): 46 | FINAL: 41
[16:40:05] [Server thread/INFO] (Minecraft) [STDOUT]: all_tools/uncommon_tool_3 -> JSON: 45 | Forja(+1): 46 | FINAL: 41
[16:40:05] [Server thread/INFO] (Minecraft) [STDOUT]: all_tools/uncommon_tool_2 -> JSON: 45 | Forja(+1): 46 | FINAL: 41
[16:40:05] [Server thread/INFO] (Minecraft) [STDOUT]: all_tools/uncommon_tool_1 -> JSON: 45 | Forja(+1): 46 | FINAL: 41
[16:40:05] [Server thread/INFO] (Minecraft) [STDOUT]: all_tools/common_tool_4 -> JSON: 60 | Forja(+1): 61 | FINAL: 54
[16:40:05] [Server thread/INFO] (Minecraft) [STDOUT]: all_tools/common_tool_2 -> JSON: 60 | Forja(+1): 61 | FINAL: 54
[16:40:05] [Server thread/INFO] (Minecraft) [STDOUT]: all_tools/common_tool_3 -> JSON: 60 | Forja(+1): 61 | FINAL: 54
[16:40:05] [Server thread/INFO] (Minecraft) [STDOUT]: all_tools/common_tool_1 -> JSON: 60 | Forja(+1): 61 | FINAL: 54
[16:40:05] [Server thread/INFO] (Minecraft) [STDOUT]: Peso Total da Roleta: 593
[16:40:05] [Server thread/INFO] (Minecraft) [STDOUT]: ====================================================
[16:40:05] [Server thread/INFO] (Minecraft) [STDOUT]: [ARPG DEBUG] Injetado +0.73125 (ADD_MULTIPLIED_TOTAL) de hard_labor no slot mainhand!
[16:40:06] [Server thread/INFO] (Minecraft) [STDOUT]: === [DEBUG FORJA] RAIO-X DOS PESOS (INT) ===
[16:40:06] [Server thread/INFO] (Minecraft) [STDOUT]: Sorte do Jogador: 0.0
[16:40:06] [Server thread/INFO] (Minecraft) [STDOUT]: Reforge Modifier (Corte da Forja): 0.9
[16:40:06] [Server thread/INFO] (Minecraft) [STDOUT]: Luck Modifier (Bônus da Sorte): 0.02
[16:40:06] [Server thread/INFO] (Minecraft) [STDOUT]: --- CICLO DE VIDA DOS PESOS ---
[16:40:06] [Server thread/INFO] (Minecraft) [STDOUT]: all_tools/mythic_tool_1 -> JSON: 0 | Forja(+1): 1 | FINAL: 1
[16:40:06] [Server thread/INFO] (Minecraft) [STDOUT]: all_tools/unique_tool_4 -> JSON: 1 | Forja(+1): 2 | FINAL: 2
[16:40:06] [Server thread/INFO] (Minecraft) [STDOUT]: all_tools/unique_tool_2 -> JSON: 1 | Forja(+1): 2 | FINAL: 2
[16:40:06] [Server thread/INFO] (Minecraft) [STDOUT]: all_tools/unique_tool_3 -> JSON: 1 | Forja(+1): 2 | FINAL: 2
[16:40:06] [Server thread/INFO] (Minecraft) [STDOUT]: all_tools/unique_tool_1 -> JSON: 1 | Forja(+1): 2 | FINAL: 2
[16:40:06] [Server thread/INFO] (Minecraft) [STDOUT]: all_tools/legendary_tool_1 -> JSON: 7 | Forja(+1): 8 | FINAL: 8
[16:40:06] [Server thread/INFO] (Minecraft) [STDOUT]: all_tools/legendary_tool_4 -> JSON: 7 | Forja(+1): 8 | FINAL: 8
[16:40:06] [Server thread/INFO] (Minecraft) [STDOUT]: all_tools/legendary_tool_3 -> JSON: 7 | Forja(+1): 8 | FINAL: 8
[16:40:06] [Server thread/INFO] (Minecraft) [STDOUT]: all_tools/legendary_tool_2 -> JSON: 7 | Forja(+1): 8 | FINAL: 8
[16:40:06] [Server thread/INFO] (Minecraft) [STDOUT]: all_tools/epic_tool_4 -> JSON: 15 | Forja(+1): 16 | FINAL: 16
[16:40:06] [Server thread/INFO] (Minecraft) [STDOUT]: all_tools/epic_tool_1 -> JSON: 15 | Forja(+1): 16 | FINAL: 16
[16:40:06] [Server thread/INFO] (Minecraft) [STDOUT]: all_tools/epic_tool_3 -> JSON: 15 | Forja(+1): 16 | FINAL: 16
[16:40:06] [Server thread/INFO] (Minecraft) [STDOUT]: all_tools/epic_tool_2 -> JSON: 15 | Forja(+1): 16 | FINAL: 16
[16:40:06] [Server thread/INFO] (Minecraft) [STDOUT]: all_tools/rare_tool_4 -> JSON: 30 | Forja(+1): 31 | FINAL: 27
[16:40:06] [Server thread/INFO] (Minecraft) [STDOUT]: all_tools/rare_tool_3 -> JSON: 30 | Forja(+1): 31 | FINAL: 27
[16:40:06] [Server thread/INFO] (Minecraft) [STDOUT]: all_tools/rare_tool_2 -> JSON: 30 | Forja(+1): 31 | FINAL: 27
[16:40:06] [Server thread/INFO] (Minecraft) [STDOUT]: all_tools/rare_tool_1 -> JSON: 30 | Forja(+1): 31 | FINAL: 27
[16:40:06] [Server thread/INFO] (Minecraft) [STDOUT]: all_tools/uncommon_tool_4 -> JSON: 45 | Forja(+1): 46 | FINAL: 41
[16:40:06] [Server thread/INFO] (Minecraft) [STDOUT]: all_tools/uncommon_tool_3 -> JSON: 45 | Forja(+1): 46 | FINAL: 41
[16:40:06] [Server thread/INFO] (Minecraft) [STDOUT]: all_tools/uncommon_tool_2 -> JSON: 45 | Forja(+1): 46 | FINAL: 41
[16:40:06] [Server thread/INFO] (Minecraft) [STDOUT]: all_tools/uncommon_tool_1 -> JSON: 45 | Forja(+1): 46 | FINAL: 41
[16:40:06] [Server thread/INFO] (Minecraft) [STDOUT]: all_tools/common_tool_4 -> JSON: 60 | Forja(+1): 61 | FINAL: 54
[16:40:06] [Server thread/INFO] (Minecraft) [STDOUT]: all_tools/common_tool_2 -> JSON: 60 | Forja(+1): 61 | FINAL: 54
[16:40:06] [Server thread/INFO] (Minecraft) [STDOUT]: all_tools/common_tool_3 -> JSON: 60 | Forja(+1): 61 | FINAL: 54
[16:40:06] [Server thread/INFO] (Minecraft) [STDOUT]: all_tools/common_tool_1 -> JSON: 60 | Forja(+1): 61 | FINAL: 54
[16:40:06] [Server thread/INFO] (Minecraft) [STDOUT]: Peso Total da Roleta: 593
[16:40:06] [Server thread/INFO] (Minecraft) [STDOUT]: ====================================================
[16:40:06] [Server thread/INFO] (Minecraft) [STDOUT]: [ARPG DEBUG] Injetado +0.73125 (ADD_MULTIPLIED_TOTAL) de hard_labor no slot mainhand!
[16:40:07] [Server thread/INFO] (Minecraft) [STDOUT]: === [DEBUG FORJA] RAIO-X DOS PESOS (INT) ===
[16:40:07] [Server thread/INFO] (Minecraft) [STDOUT]: Sorte do Jogador: 0.0
[16:40:07] [Server thread/INFO] (Minecraft) [STDOUT]: Reforge Modifier (Corte da Forja): 0.9
[16:40:07] [Server thread/INFO] (Minecraft) [STDOUT]: Luck Modifier (Bônus da Sorte): 0.02
[16:40:07] [Server thread/INFO] (Minecraft) [STDOUT]: --- CICLO DE VIDA DOS PESOS ---
[16:40:07] [Server thread/INFO] (Minecraft) [STDOUT]: all_tools/mythic_tool_1 -> JSON: 0 | Forja(+1): 1 | FINAL: 1
[16:40:07] [Server thread/INFO] (Minecraft) [STDOUT]: all_tools/unique_tool_4 -> JSON: 1 | Forja(+1): 2 | FINAL: 2
[16:40:07] [Server thread/INFO] (Minecraft) [STDOUT]: all_tools/unique_tool_2 -> JSON: 1 | Forja(+1): 2 | FINAL: 2
[16:40:07] [Server thread/INFO] (Minecraft) [STDOUT]: all_tools/unique_tool_3 -> JSON: 1 | Forja(+1): 2 | FINAL: 2
[16:40:07] [Server thread/INFO] (Minecraft) [STDOUT]: all_tools/unique_tool_1 -> JSON: 1 | Forja(+1): 2 | FINAL: 2
[16:40:07] [Server thread/INFO] (Minecraft) [STDOUT]: all_tools/legendary_tool_1 -> JSON: 7 | Forja(+1): 8 | FINAL: 8
[16:40:07] [Server thread/INFO] (Minecraft) [STDOUT]: all_tools/legendary_tool_4 -> JSON: 7 | Forja(+1): 8 | FINAL: 8
[16:40:07] [Server thread/INFO] (Minecraft) [STDOUT]: all_tools/legendary_tool_3 -> JSON: 7 | Forja(+1): 8 | FINAL: 8
[16:40:07] [Server thread/INFO] (Minecraft) [STDOUT]: all_tools/legendary_tool_2 -> JSON: 7 | Forja(+1): 8 | FINAL: 8
[16:40:07] [Server thread/INFO] (Minecraft) [STDOUT]: all_tools/epic_tool_4 -> JSON: 15 | Forja(+1): 16 | FINAL: 16
[16:40:07] [Server thread/INFO] (Minecraft) [STDOUT]: all_tools/epic_tool_1 -> JSON: 15 | Forja(+1): 16 | FINAL: 16
[16:40:07] [Server thread/INFO] (Minecraft) [STDOUT]: all_tools/epic_tool_3 -> JSON: 15 | Forja(+1): 16 | FINAL: 16
[16:40:07] [Server thread/INFO] (Minecraft) [STDOUT]: all_tools/epic_tool_2 -> JSON: 15 | Forja(+1): 16 | FINAL: 16
[16:40:07] [Server thread/INFO] (Minecraft) [STDOUT]: all_tools/rare_tool_4 -> JSON: 30 | Forja(+1): 31 | FINAL: 27
[16:40:07] [Server thread/INFO] (Minecraft) [STDOUT]: all_tools/rare_tool_3 -> JSON: 30 | Forja(+1): 31 | FINAL: 27
[16:40:07] [Server thread/INFO] (Minecraft) [STDOUT]: all_tools/rare_tool_2 -> JSON: 30 | Forja(+1): 31 | FINAL: 27
[16:40:07] [Server thread/INFO] (Minecraft) [STDOUT]: all_tools/rare_tool_1 -> JSON: 30 | Forja(+1): 31 | FINAL: 27
[16:40:07] [Server thread/INFO] (Minecraft) [STDOUT]: all_tools/uncommon_tool_4 -> JSON: 45 | Forja(+1): 46 | FINAL: 41
[16:40:07] [Server thread/INFO] (Minecraft) [STDOUT]: all_tools/uncommon_tool_3 -> JSON: 45 | Forja(+1): 46 | FINAL: 41
[16:40:07] [Server thread/INFO] (Minecraft) [STDOUT]: all_tools/uncommon_tool_2 -> JSON: 45 | Forja(+1): 46 | FINAL: 41
[16:40:07] [Server thread/INFO] (Minecraft) [STDOUT]: all_tools/uncommon_tool_1 -> JSON: 45 | Forja(+1): 46 | FINAL: 41
[16:40:07] [Server thread/INFO] (Minecraft) [STDOUT]: all_tools/common_tool_4 -> JSON: 60 | Forja(+1): 61 | FINAL: 54
[16:40:07] [Server thread/INFO] (Minecraft) [STDOUT]: all_tools/common_tool_2 -> JSON: 60 | Forja(+1): 61 | FINAL: 54
[16:40:07] [Server thread/INFO] (Minecraft) [STDOUT]: all_tools/common_tool_3 -> JSON: 60 | Forja(+1): 61 | FINAL: 54
[16:40:07] [Server thread/INFO] (Minecraft) [STDOUT]: all_tools/common_tool_1 -> JSON: 60 | Forja(+1): 61 | FINAL: 54
[16:40:07] [Server thread/INFO] (Minecraft) [STDOUT]: Peso Total da Roleta: 593
[16:40:07] [Server thread/INFO] (Minecraft) [STDOUT]: ====================================================
[16:40:07] [Server thread/INFO] (Minecraft) [STDOUT]: [ARPG DEBUG] Injetado +0.73125 (ADD_MULTIPLIED_TOTAL) de hard_labor no slot mainhand!
[16:40:08] [Server thread/INFO] (Minecraft) [STDOUT]: === [DEBUG FORJA] RAIO-X DOS PESOS (INT) ===
[16:40:08] [Server thread/INFO] (Minecraft) [STDOUT]: Sorte do Jogador: 0.0
[16:40:08] [Server thread/INFO] (Minecraft) [STDOUT]: Reforge Modifier (Corte da Forja): 0.9
[16:40:08] [Server thread/INFO] (Minecraft) [STDOUT]: Luck Modifier (Bônus da Sorte): 0.02
[16:40:08] [Server thread/INFO] (Minecraft) [STDOUT]: --- CICLO DE VIDA DOS PESOS ---
[16:40:08] [Server thread/INFO] (Minecraft) [STDOUT]: all_tools/mythic_tool_1 -> JSON: 0 | Forja(+1): 1 | FINAL: 1
[16:40:08] [Server thread/INFO] (Minecraft) [STDOUT]: all_tools/unique_tool_4 -> JSON: 1 | Forja(+1): 2 | FINAL: 2
[16:40:08] [Server thread/INFO] (Minecraft) [STDOUT]: all_tools/unique_tool_2 -> JSON: 1 | Forja(+1): 2 | FINAL: 2
[16:40:08] [Server thread/INFO] (Minecraft) [STDOUT]: all_tools/unique_tool_3 -> JSON: 1 | Forja(+1): 2 | FINAL: 2
[16:40:08] [Server thread/INFO] (Minecraft) [STDOUT]: all_tools/unique_tool_1 -> JSON: 1 | Forja(+1): 2 | FINAL: 2
[16:40:08] [Server thread/INFO] (Minecraft) [STDOUT]: all_tools/legendary_tool_1 -> JSON: 7 | Forja(+1): 8 | FINAL: 8
[16:40:08] [Server thread/INFO] (Minecraft) [STDOUT]: all_tools/legendary_tool_4 -> JSON: 7 | Forja(+1): 8 | FINAL: 8
[16:40:08] [Server thread/INFO] (Minecraft) [STDOUT]: all_tools/legendary_tool_3 -> JSON: 7 | Forja(+1): 8 | FINAL: 8
[16:40:08] [Server thread/INFO] (Minecraft) [STDOUT]: all_tools/legendary_tool_2 -> JSON: 7 | Forja(+1): 8 | FINAL: 8
[16:40:08] [Server thread/INFO] (Minecraft) [STDOUT]: all_tools/epic_tool_4 -> JSON: 15 | Forja(+1): 16 | FINAL: 16
[16:40:08] [Server thread/INFO] (Minecraft) [STDOUT]: all_tools/epic_tool_1 -> JSON: 15 | Forja(+1): 16 | FINAL: 16
[16:40:08] [Server thread/INFO] (Minecraft) [STDOUT]: all_tools/epic_tool_3 -> JSON: 15 | Forja(+1): 16 | FINAL: 16
[16:40:08] [Server thread/INFO] (Minecraft) [STDOUT]: all_tools/epic_tool_2 -> JSON: 15 | Forja(+1): 16 | FINAL: 16
[16:40:08] [Server thread/INFO] (Minecraft) [STDOUT]: all_tools/rare_tool_4 -> JSON: 30 | Forja(+1): 31 | FINAL: 27
[16:40:08] [Server thread/INFO] (Minecraft) [STDOUT]: all_tools/rare_tool_3 -> JSON: 30 | Forja(+1): 31 | FINAL: 27
[16:40:08] [Server thread/INFO] (Minecraft) [STDOUT]: all_tools/rare_tool_2 -> JSON: 30 | Forja(+1): 31 | FINAL: 27
[16:40:08] [Server thread/INFO] (Minecraft) [STDOUT]: all_tools/rare_tool_1 -> JSON: 30 | Forja(+1): 31 | FINAL: 27
[16:40:08] [Server thread/INFO] (Minecraft) [STDOUT]: all_tools/uncommon_tool_4 -> JSON: 45 | Forja(+1): 46 | FINAL: 41
[16:40:08] [Server thread/INFO] (Minecraft) [STDOUT]: all_tools/uncommon_tool_3 -> JSON: 45 | Forja(+1): 46 | FINAL: 41
[16:40:08] [Server thread/INFO] (Minecraft) [STDOUT]: all_tools/uncommon_tool_2 -> JSON: 45 | Forja(+1): 46 | FINAL: 41
[16:40:08] [Server thread/INFO] (Minecraft) [STDOUT]: all_tools/uncommon_tool_1 -> JSON: 45 | Forja(+1): 46 | FINAL: 41
[16:40:08] [Server thread/INFO] (Minecraft) [STDOUT]: all_tools/common_tool_4 -> JSON: 60 | Forja(+1): 61 | FINAL: 54
[16:40:08] [Server thread/INFO] (Minecraft) [STDOUT]: all_tools/common_tool_2 -> JSON: 60 | Forja(+1): 61 | FINAL: 54
[16:40:08] [Server thread/INFO] (Minecraft) [STDOUT]: all_tools/common_tool_3 -> JSON: 60 | Forja(+1): 61 | FINAL: 54
[16:40:08] [Server thread/INFO] (Minecraft) [STDOUT]: all_tools/common_tool_1 -> JSON: 60 | Forja(+1): 61 | FINAL: 54
[16:40:08] [Server thread/INFO] (Minecraft) [STDOUT]: Peso Total da Roleta: 593
[16:40:08] [Server thread/INFO] (Minecraft) [STDOUT]: ====================================================
[16:40:08] [Server thread/INFO] (Minecraft) [STDOUT]: [ARPG DEBUG] Injetado +0.73125 (ADD_MULTIPLIED_TOTAL) de hard_labor no slot mainhand!
[16:40:09] [Server thread/INFO] (Minecraft) [STDOUT]: === [DEBUG FORJA] RAIO-X DOS PESOS (INT) ===
[16:40:09] [Server thread/INFO] (Minecraft) [STDOUT]: Sorte do Jogador: 0.0
[16:40:09] [Server thread/INFO] (Minecraft) [STDOUT]: Reforge Modifier (Corte da Forja): 0.9
[16:40:09] [Server thread/INFO] (Minecraft) [STDOUT]: Luck Modifier (Bônus da Sorte): 0.02
[16:40:09] [Server thread/INFO] (Minecraft) [STDOUT]: --- CICLO DE VIDA DOS PESOS ---
[16:40:09] [Server thread/INFO] (Minecraft) [STDOUT]: all_tools/mythic_tool_1 -> JSON: 0 | Forja(+1): 1 | FINAL: 1
[16:40:09] [Server thread/INFO] (Minecraft) [STDOUT]: all_tools/unique_tool_4 -> JSON: 1 | Forja(+1): 2 | FINAL: 2
[16:40:09] [Server thread/INFO] (Minecraft) [STDOUT]: all_tools/unique_tool_2 -> JSON: 1 | Forja(+1): 2 | FINAL: 2
[16:40:09] [Server thread/INFO] (Minecraft) [STDOUT]: all_tools/unique_tool_3 -> JSON: 1 | Forja(+1): 2 | FINAL: 2
[16:40:09] [Server thread/INFO] (Minecraft) [STDOUT]: all_tools/unique_tool_1 -> JSON: 1 | Forja(+1): 2 | FINAL: 2
[16:40:09] [Server thread/INFO] (Minecraft) [STDOUT]: all_tools/legendary_tool_1 -> JSON: 7 | Forja(+1): 8 | FINAL: 8
[16:40:09] [Server thread/INFO] (Minecraft) [STDOUT]: all_tools/legendary_tool_4 -> JSON: 7 | Forja(+1): 8 | FINAL: 8
[16:40:09] [Server thread/INFO] (Minecraft) [STDOUT]: all_tools/legendary_tool_3 -> JSON: 7 | Forja(+1): 8 | FINAL: 8
[16:40:09] [Server thread/INFO] (Minecraft) [STDOUT]: all_tools/legendary_tool_2 -> JSON: 7 | Forja(+1): 8 | FINAL: 8
[16:40:09] [Server thread/INFO] (Minecraft) [STDOUT]: all_tools/epic_tool_4 -> JSON: 15 | Forja(+1): 16 | FINAL: 16
[16:40:09] [Server thread/INFO] (Minecraft) [STDOUT]: all_tools/epic_tool_1 -> JSON: 15 | Forja(+1): 16 | FINAL: 16
[16:40:09] [Server thread/INFO] (Minecraft) [STDOUT]: all_tools/epic_tool_3 -> JSON: 15 | Forja(+1): 16 | FINAL: 16
[16:40:09] [Server thread/INFO] (Minecraft) [STDOUT]: all_tools/epic_tool_2 -> JSON: 15 | Forja(+1): 16 | FINAL: 16
[16:40:09] [Server thread/INFO] (Minecraft) [STDOUT]: all_tools/rare_tool_4 -> JSON: 30 | Forja(+1): 31 | FINAL: 27
[16:40:09] [Server thread/INFO] (Minecraft) [STDOUT]: all_tools/rare_tool_3 -> JSON: 30 | Forja(+1): 31 | FINAL: 27
[16:40:09] [Server thread/INFO] (Minecraft) [STDOUT]: all_tools/rare_tool_2 -> JSON: 30 | Forja(+1): 31 | FINAL: 27
[16:40:09] [Server thread/INFO] (Minecraft) [STDOUT]: all_tools/rare_tool_1 -> JSON: 30 | Forja(+1): 31 | FINAL: 27
[16:40:09] [Server thread/INFO] (Minecraft) [STDOUT]: all_tools/uncommon_tool_4 -> JSON: 45 | Forja(+1): 46 | FINAL: 41
[16:40:09] [Server thread/INFO] (Minecraft) [STDOUT]: all_tools/uncommon_tool_3 -> JSON: 45 | Forja(+1): 46 | FINAL: 41
[16:40:09] [Server thread/INFO] (Minecraft) [STDOUT]: all_tools/uncommon_tool_2 -> JSON: 45 | Forja(+1): 46 | FINAL: 41
[16:40:09] [Server thread/INFO] (Minecraft) [STDOUT]: all_tools/uncommon_tool_1 -> JSON: 45 | Forja(+1): 46 | FINAL: 41
[16:40:09] [Server thread/INFO] (Minecraft) [STDOUT]: all_tools/common_tool_4 -> JSON: 60 | Forja(+1): 61 | FINAL: 54
[16:40:09] [Server thread/INFO] (Minecraft) [STDOUT]: all_tools/common_tool_2 -> JSON: 60 | Forja(+1): 61 | FINAL: 54
[16:40:09] [Server thread/INFO] (Minecraft) [STDOUT]: all_tools/common_tool_3 -> JSON: 60 | Forja(+1): 61 | FINAL: 54
[16:40:09] [Server thread/INFO] (Minecraft) [STDOUT]: all_tools/common_tool_1 -> JSON: 60 | Forja(+1): 61 | FINAL: 54
[16:40:09] [Server thread/INFO] (Minecraft) [STDOUT]: Peso Total da Roleta: 593
[16:40:09] [Server thread/INFO] (Minecraft) [STDOUT]: ====================================================
[16:40:09] [Server thread/INFO] (Minecraft) [STDOUT]: [ARPG DEBUG] Injetado +0.73125 (ADD_MULTIPLIED_TOTAL) de hard_labor no slot mainhand!
[16:40:10] [Server thread/INFO] (Minecraft) [STDOUT]: === [DEBUG FORJA] RAIO-X DOS PESOS (INT) ===
[16:40:10] [Server thread/INFO] (Minecraft) [STDOUT]: Sorte do Jogador: 0.0
[16:40:10] [Server thread/INFO] (Minecraft) [STDOUT]: Reforge Modifier (Corte da Forja): 0.9
[16:40:10] [Server thread/INFO] (Minecraft) [STDOUT]: Luck Modifier (Bônus da Sorte): 0.02
[16:40:10] [Server thread/INFO] (Minecraft) [STDOUT]: --- CICLO DE VIDA DOS PESOS ---
[16:40:10] [Server thread/INFO] (Minecraft) [STDOUT]: all_tools/mythic_tool_1 -> JSON: 0 | Forja(+1): 1 | FINAL: 1
[16:40:10] [Server thread/INFO] (Minecraft) [STDOUT]: all_tools/unique_tool_4 -> JSON: 1 | Forja(+1): 2 | FINAL: 2
[16:40:10] [Server thread/INFO] (Minecraft) [STDOUT]: all_tools/unique_tool_2 -> JSON: 1 | Forja(+1): 2 | FINAL: 2
[16:40:10] [Server thread/INFO] (Minecraft) [STDOUT]: all_tools/unique_tool_3 -> JSON: 1 | Forja(+1): 2 | FINAL: 2
[16:40:10] [Server thread/INFO] (Minecraft) [STDOUT]: all_tools/unique_tool_1 -> JSON: 1 | Forja(+1): 2 | FINAL: 2
[16:40:10] [Server thread/INFO] (Minecraft) [STDOUT]: all_tools/legendary_tool_1 -> JSON: 7 | Forja(+1): 8 | FINAL: 8
[16:40:10] [Server thread/INFO] (Minecraft) [STDOUT]: all_tools/legendary_tool_4 -> JSON: 7 | Forja(+1): 8 | FINAL: 8
[16:40:10] [Server thread/INFO] (Minecraft) [STDOUT]: all_tools/legendary_tool_3 -> JSON: 7 | Forja(+1): 8 | FINAL: 8
[16:40:10] [Server thread/INFO] (Minecraft) [STDOUT]: all_tools/legendary_tool_2 -> JSON: 7 | Forja(+1): 8 | FINAL: 8
[16:40:10] [Server thread/INFO] (Minecraft) [STDOUT]: all_tools/epic_tool_4 -> JSON: 15 | Forja(+1): 16 | FINAL: 16
[16:40:10] [Server thread/INFO] (Minecraft) [STDOUT]: all_tools/epic_tool_1 -> JSON: 15 | Forja(+1): 16 | FINAL: 16
[16:40:10] [Server thread/INFO] (Minecraft) [STDOUT]: all_tools/epic_tool_3 -> JSON: 15 | Forja(+1): 16 | FINAL: 16
[16:40:10] [Server thread/INFO] (Minecraft) [STDOUT]: all_tools/epic_tool_2 -> JSON: 15 | Forja(+1): 16 | FINAL: 16
[16:40:10] [Server thread/INFO] (Minecraft) [STDOUT]: all_tools/rare_tool_4 -> JSON: 30 | Forja(+1): 31 | FINAL: 27
[16:40:10] [Server thread/INFO] (Minecraft) [STDOUT]: all_tools/rare_tool_3 -> JSON: 30 | Forja(+1): 31 | FINAL: 27
[16:40:10] [Server thread/INFO] (Minecraft) [STDOUT]: all_tools/rare_tool_2 -> JSON: 30 | Forja(+1): 31 | FINAL: 27
[16:40:10] [Server thread/INFO] (Minecraft) [STDOUT]: all_tools/rare_tool_1 -> JSON: 30 | Forja(+1): 31 | FINAL: 27
[16:40:10] [Server thread/INFO] (Minecraft) [STDOUT]: all_tools/uncommon_tool_4 -> JSON: 45 | Forja(+1): 46 | FINAL: 41
[16:40:10] [Server thread/INFO] (Minecraft) [STDOUT]: all_tools/uncommon_tool_3 -> JSON: 45 | Forja(+1): 46 | FINAL: 41
[16:40:10] [Server thread/INFO] (Minecraft) [STDOUT]: all_tools/uncommon_tool_2 -> JSON: 45 | Forja(+1): 46 | FINAL: 41
[16:40:10] [Server thread/INFO] (Minecraft) [STDOUT]: all_tools/uncommon_tool_1 -> JSON: 45 | Forja(+1): 46 | FINAL: 41
[16:40:10] [Server thread/INFO] (Minecraft) [STDOUT]: all_tools/common_tool_4 -> JSON: 60 | Forja(+1): 61 | FINAL: 54
[16:40:10] [Server thread/INFO] (Minecraft) [STDOUT]: all_tools/common_tool_2 -> JSON: 60 | Forja(+1): 61 | FINAL: 54
[16:40:10] [Server thread/INFO] (Minecraft) [STDOUT]: all_tools/common_tool_3 -> JSON: 60 | Forja(+1): 61 | FINAL: 54
[16:40:10] [Server thread/INFO] (Minecraft) [STDOUT]: all_tools/common_tool_1 -> JSON: 60 | Forja(+1): 61 | FINAL: 54
[16:40:10] [Server thread/INFO] (Minecraft) [STDOUT]: Peso Total da Roleta: 593
[16:40:10] [Server thread/INFO] (Minecraft) [STDOUT]: ====================================================
[16:40:10] [Server thread/INFO] (Minecraft) [STDOUT]: [ARPG DEBUG] Injetado +0.73125 (ADD_MULTIPLIED_TOTAL) de hard_labor no slot mainhand!
[16:40:11] [Server thread/INFO] (Minecraft) [STDOUT]: === [DEBUG FORJA] RAIO-X DOS PESOS (INT) ===
[16:40:11] [Server thread/INFO] (Minecraft) [STDOUT]: Sorte do Jogador: 0.0
[16:40:11] [Server thread/INFO] (Minecraft) [STDOUT]: Reforge Modifier (Corte da Forja): 0.9
[16:40:11] [Server thread/INFO] (Minecraft) [STDOUT]: Luck Modifier (Bônus da Sorte): 0.02
[16:40:11] [Server thread/INFO] (Minecraft) [STDOUT]: --- CICLO DE VIDA DOS PESOS ---
[16:40:11] [Server thread/INFO] (Minecraft) [STDOUT]: all_tools/mythic_tool_1 -> JSON: 0 | Forja(+1): 1 | FINAL: 1
[16:40:11] [Server thread/INFO] (Minecraft) [STDOUT]: all_tools/unique_tool_4 -> JSON: 1 | Forja(+1): 2 | FINAL: 2
[16:40:11] [Server thread/INFO] (Minecraft) [STDOUT]: all_tools/unique_tool_2 -> JSON: 1 | Forja(+1): 2 | FINAL: 2
[16:40:11] [Server thread/INFO] (Minecraft) [STDOUT]: all_tools/unique_tool_3 -> JSON: 1 | Forja(+1): 2 | FINAL: 2
[16:40:11] [Server thread/INFO] (Minecraft) [STDOUT]: all_tools/unique_tool_1 -> JSON: 1 | Forja(+1): 2 | FINAL: 2
[16:40:11] [Server thread/INFO] (Minecraft) [STDOUT]: all_tools/legendary_tool_1 -> JSON: 7 | Forja(+1): 8 | FINAL: 8
[16:40:11] [Server thread/INFO] (Minecraft) [STDOUT]: all_tools/legendary_tool_4 -> JSON: 7 | Forja(+1): 8 | FINAL: 8
[16:40:11] [Server thread/INFO] (Minecraft) [STDOUT]: all_tools/legendary_tool_3 -> JSON: 7 | Forja(+1): 8 | FINAL: 8
[16:40:11] [Server thread/INFO] (Minecraft) [STDOUT]: all_tools/legendary_tool_2 -> JSON: 7 | Forja(+1): 8 | FINAL: 8
[16:40:11] [Server thread/INFO] (Minecraft) [STDOUT]: all_tools/epic_tool_4 -> JSON: 15 | Forja(+1): 16 | FINAL: 16
[16:40:11] [Server thread/INFO] (Minecraft) [STDOUT]: all_tools/epic_tool_1 -> JSON: 15 | Forja(+1): 16 | FINAL: 16
[16:40:11] [Server thread/INFO] (Minecraft) [STDOUT]: all_tools/epic_tool_3 -> JSON: 15 | Forja(+1): 16 | FINAL: 16
[16:40:11] [Server thread/INFO] (Minecraft) [STDOUT]: all_tools/epic_tool_2 -> JSON: 15 | Forja(+1): 16 | FINAL: 16
[16:40:11] [Server thread/INFO] (Minecraft) [STDOUT]: all_tools/rare_tool_4 -> JSON: 30 | Forja(+1): 31 | FINAL: 27
[16:40:11] [Server thread/INFO] (Minecraft) [STDOUT]: all_tools/rare_tool_3 -> JSON: 30 | Forja(+1): 31 | FINAL: 27
[16:40:11] [Server thread/INFO] (Minecraft) [STDOUT]: all_tools/rare_tool_2 -> JSON: 30 | Forja(+1): 31 | FINAL: 27
[16:40:11] [Server thread/INFO] (Minecraft) [STDOUT]: all_tools/rare_tool_1 -> JSON: 30 | Forja(+1): 31 | FINAL: 27
[16:40:11] [Server thread/INFO] (Minecraft) [STDOUT]: all_tools/uncommon_tool_4 -> JSON: 45 | Forja(+1): 46 | FINAL: 41
[16:40:11] [Server thread/INFO] (Minecraft) [STDOUT]: all_tools/uncommon_tool_3 -> JSON: 45 | Forja(+1): 46 | FINAL: 41
[16:40:11] [Server thread/INFO] (Minecraft) [STDOUT]: all_tools/uncommon_tool_2 -> JSON: 45 | Forja(+1): 46 | FINAL: 41
[16:40:11] [Server thread/INFO] (Minecraft) [STDOUT]: all_tools/uncommon_tool_1 -> JSON: 45 | Forja(+1): 46 | FINAL: 41
[16:40:11] [Server thread/INFO] (Minecraft) [STDOUT]: all_tools/common_tool_4 -> JSON: 60 | Forja(+1): 61 | FINAL: 54
[16:40:11] [Server thread/INFO] (Minecraft) [STDOUT]: all_tools/common_tool_2 -> JSON: 60 | Forja(+1): 61 | FINAL: 54
[16:40:11] [Server thread/INFO] (Minecraft) [STDOUT]: all_tools/common_tool_3 -> JSON: 60 | Forja(+1): 61 | FINAL: 54
[16:40:11] [Server thread/INFO] (Minecraft) [STDOUT]: all_tools/common_tool_1 -> JSON: 60 | Forja(+1): 61 | FINAL: 54
[16:40:11] [Server thread/INFO] (Minecraft) [STDOUT]: Peso Total da Roleta: 593
[16:40:11] [Server thread/INFO] (Minecraft) [STDOUT]: ====================================================
[16:40:11] [Server thread/INFO] (Minecraft) [STDOUT]: [ARPG DEBUG] Injetado +0.73125 (ADD_MULTIPLIED_TOTAL) de hard_labor no slot mainhand!
[16:40:12] [Server thread/INFO] (Minecraft) [STDOUT]: === [DEBUG FORJA] RAIO-X DOS PESOS (INT) ===
[16:40:12] [Server thread/INFO] (Minecraft) [STDOUT]: Sorte do Jogador: 0.0
[16:40:12] [Server thread/INFO] (Minecraft) [STDOUT]: Reforge Modifier (Corte da Forja): 0.9
[16:40:12] [Server thread/INFO] (Minecraft) [STDOUT]: Luck Modifier (Bônus da Sorte): 0.02
[16:40:12] [Server thread/INFO] (Minecraft) [STDOUT]: --- CICLO DE VIDA DOS PESOS ---
[16:40:12] [Server thread/INFO] (Minecraft) [STDOUT]: all_tools/mythic_tool_1 -> JSON: 0 | Forja(+1): 1 | FINAL: 1
[16:40:12] [Server thread/INFO] (Minecraft) [STDOUT]: all_tools/unique_tool_4 -> JSON: 1 | Forja(+1): 2 | FINAL: 2
[16:40:12] [Server thread/INFO] (Minecraft) [STDOUT]: all_tools/unique_tool_2 -> JSON: 1 | Forja(+1): 2 | FINAL: 2
[16:40:12] [Server thread/INFO] (Minecraft) [STDOUT]: all_tools/unique_tool_3 -> JSON: 1 | Forja(+1): 2 | FINAL: 2
[16:40:12] [Server thread/INFO] (Minecraft) [STDOUT]: all_tools/unique_tool_1 -> JSON: 1 | Forja(+1): 2 | FINAL: 2
[16:40:12] [Server thread/INFO] (Minecraft) [STDOUT]: all_tools/legendary_tool_1 -> JSON: 7 | Forja(+1): 8 | FINAL: 8
[16:40:12] [Server thread/INFO] (Minecraft) [STDOUT]: all_tools/legendary_tool_4 -> JSON: 7 | Forja(+1): 8 | FINAL: 8
[16:40:12] [Server thread/INFO] (Minecraft) [STDOUT]: all_tools/legendary_tool_3 -> JSON: 7 | Forja(+1): 8 | FINAL: 8
[16:40:12] [Server thread/INFO] (Minecraft) [STDOUT]: all_tools/legendary_tool_2 -> JSON: 7 | Forja(+1): 8 | FINAL: 8
[16:40:12] [Server thread/INFO] (Minecraft) [STDOUT]: all_tools/epic_tool_4 -> JSON: 15 | Forja(+1): 16 | FINAL: 16
[16:40:12] [Server thread/INFO] (Minecraft) [STDOUT]: all_tools/epic_tool_1 -> JSON: 15 | Forja(+1): 16 | FINAL: 16
[16:40:12] [Server thread/INFO] (Minecraft) [STDOUT]: all_tools/epic_tool_3 -> JSON: 15 | Forja(+1): 16 | FINAL: 16
[16:40:12] [Server thread/INFO] (Minecraft) [STDOUT]: all_tools/epic_tool_2 -> JSON: 15 | Forja(+1): 16 | FINAL: 16
[16:40:12] [Server thread/INFO] (Minecraft) [STDOUT]: all_tools/rare_tool_4 -> JSON: 30 | Forja(+1): 31 | FINAL: 27
[16:40:12] [Server thread/INFO] (Minecraft) [STDOUT]: all_tools/rare_tool_3 -> JSON: 30 | Forja(+1): 31 | FINAL: 27
[16:40:12] [Server thread/INFO] (Minecraft) [STDOUT]: all_tools/rare_tool_2 -> JSON: 30 | Forja(+1): 31 | FINAL: 27
[16:40:12] [Server thread/INFO] (Minecraft) [STDOUT]: all_tools/rare_tool_1 -> JSON: 30 | Forja(+1): 31 | FINAL: 27
[16:40:12] [Server thread/INFO] (Minecraft) [STDOUT]: all_tools/uncommon_tool_4 -> JSON: 45 | Forja(+1): 46 | FINAL: 41
[16:40:12] [Server thread/INFO] (Minecraft) [STDOUT]: all_tools/uncommon_tool_3 -> JSON: 45 | Forja(+1): 46 | FINAL: 41
[16:40:12] [Server thread/INFO] (Minecraft) [STDOUT]: all_tools/uncommon_tool_2 -> JSON: 45 | Forja(+1): 46 | FINAL: 41
[16:40:12] [Server thread/INFO] (Minecraft) [STDOUT]: all_tools/uncommon_tool_1 -> JSON: 45 | Forja(+1): 46 | FINAL: 41
[16:40:12] [Server thread/INFO] (Minecraft) [STDOUT]: all_tools/common_tool_4 -> JSON: 60 | Forja(+1): 61 | FINAL: 54
[16:40:12] [Server thread/INFO] (Minecraft) [STDOUT]: all_tools/common_tool_2 -> JSON: 60 | Forja(+1): 61 | FINAL: 54
[16:40:12] [Server thread/INFO] (Minecraft) [STDOUT]: all_tools/common_tool_3 -> JSON: 60 | Forja(+1): 61 | FINAL: 54
[16:40:12] [Server thread/INFO] (Minecraft) [STDOUT]: all_tools/common_tool_1 -> JSON: 60 | Forja(+1): 61 | FINAL: 54
[16:40:12] [Server thread/INFO] (Minecraft) [STDOUT]: Peso Total da Roleta: 593
[16:40:12] [Server thread/INFO] (Minecraft) [STDOUT]: ====================================================
[16:40:12] [Server thread/INFO] (Minecraft) [STDOUT]: [ARPG DEBUG] Injetado +0.73125 (ADD_MULTIPLIED_TOTAL) de hard_labor no slot mainhand!
[16:40:13] [Server thread/INFO] (Minecraft) [STDOUT]: === [DEBUG FORJA] RAIO-X DOS PESOS (INT) ===
[16:40:13] [Server thread/INFO] (Minecraft) [STDOUT]: Sorte do Jogador: 0.0
[16:40:13] [Server thread/INFO] (Minecraft) [STDOUT]: Reforge Modifier (Corte da Forja): 0.9
[16:40:13] [Server thread/INFO] (Minecraft) [STDOUT]: Luck Modifier (Bônus da Sorte): 0.02
[16:40:13] [Server thread/INFO] (Minecraft) [STDOUT]: --- CICLO DE VIDA DOS PESOS ---
[16:40:13] [Server thread/INFO] (Minecraft) [STDOUT]: all_tools/mythic_tool_1 -> JSON: 0 | Forja(+1): 1 | FINAL: 1
[16:40:13] [Server thread/INFO] (Minecraft) [STDOUT]: all_tools/unique_tool_4 -> JSON: 1 | Forja(+1): 2 | FINAL: 2
[16:40:13] [Server thread/INFO] (Minecraft) [STDOUT]: all_tools/unique_tool_2 -> JSON: 1 | Forja(+1): 2 | FINAL: 2
[16:40:13] [Server thread/INFO] (Minecraft) [STDOUT]: all_tools/unique_tool_3 -> JSON: 1 | Forja(+1): 2 | FINAL: 2
[16:40:13] [Server thread/INFO] (Minecraft) [STDOUT]: all_tools/unique_tool_1 -> JSON: 1 | Forja(+1): 2 | FINAL: 2
[16:40:13] [Server thread/INFO] (Minecraft) [STDOUT]: all_tools/legendary_tool_1 -> JSON: 7 | Forja(+1): 8 | FINAL: 8
[16:40:13] [Server thread/INFO] (Minecraft) [STDOUT]: all_tools/legendary_tool_4 -> JSON: 7 | Forja(+1): 8 | FINAL: 8
[16:40:13] [Server thread/INFO] (Minecraft) [STDOUT]: all_tools/legendary_tool_3 -> JSON: 7 | Forja(+1): 8 | FINAL: 8
[16:40:13] [Server thread/INFO] (Minecraft) [STDOUT]: all_tools/legendary_tool_2 -> JSON: 7 | Forja(+1): 8 | FINAL: 8
[16:40:13] [Server thread/INFO] (Minecraft) [STDOUT]: all_tools/epic_tool_4 -> JSON: 15 | Forja(+1): 16 | FINAL: 16
[16:40:13] [Server thread/INFO] (Minecraft) [STDOUT]: all_tools/epic_tool_1 -> JSON: 15 | Forja(+1): 16 | FINAL: 16
[16:40:13] [Server thread/INFO] (Minecraft) [STDOUT]: all_tools/epic_tool_3 -> JSON: 15 | Forja(+1): 16 | FINAL: 16
[16:40:13] [Server thread/INFO] (Minecraft) [STDOUT]: all_tools/epic_tool_2 -> JSON: 15 | Forja(+1): 16 | FINAL: 16
[16:40:13] [Server thread/INFO] (Minecraft) [STDOUT]: all_tools/rare_tool_4 -> JSON: 30 | Forja(+1): 31 | FINAL: 27
[16:40:13] [Server thread/INFO] (Minecraft) [STDOUT]: all_tools/rare_tool_3 -> JSON: 30 | Forja(+1): 31 | FINAL: 27
[16:40:13] [Server thread/INFO] (Minecraft) [STDOUT]: all_tools/rare_tool_2 -> JSON: 30 | Forja(+1): 31 | FINAL: 27
[16:40:13] [Server thread/INFO] (Minecraft) [STDOUT]: all_tools/rare_tool_1 -> JSON: 30 | Forja(+1): 31 | FINAL: 27
[16:40:13] [Server thread/INFO] (Minecraft) [STDOUT]: all_tools/uncommon_tool_4 -> JSON: 45 | Forja(+1): 46 | FINAL: 41
[16:40:13] [Server thread/INFO] (Minecraft) [STDOUT]: all_tools/uncommon_tool_3 -> JSON: 45 | Forja(+1): 46 | FINAL: 41
[16:40:13] [Server thread/INFO] (Minecraft) [STDOUT]: all_tools/uncommon_tool_2 -> JSON: 45 | Forja(+1): 46 | FINAL: 41
[16:40:13] [Server thread/INFO] (Minecraft) [STDOUT]: all_tools/uncommon_tool_1 -> JSON: 45 | Forja(+1): 46 | FINAL: 41
[16:40:13] [Server thread/INFO] (Minecraft) [STDOUT]: all_tools/common_tool_4 -> JSON: 60 | Forja(+1): 61 | FINAL: 54
[16:40:13] [Server thread/INFO] (Minecraft) [STDOUT]: all_tools/common_tool_2 -> JSON: 60 | Forja(+1): 61 | FINAL: 54
[16:40:13] [Server thread/INFO] (Minecraft) [STDOUT]: all_tools/common_tool_3 -> JSON: 60 | Forja(+1): 61 | FINAL: 54
[16:40:13] [Server thread/INFO] (Minecraft) [STDOUT]: all_tools/common_tool_1 -> JSON: 60 | Forja(+1): 61 | FINAL: 54
[16:40:13] [Server thread/INFO] (Minecraft) [STDOUT]: Peso Total da Roleta: 593
[16:40:13] [Server thread/INFO] (Minecraft) [STDOUT]: ====================================================
[16:40:13] [Server thread/INFO] (Minecraft) [STDOUT]: [ARPG DEBUG] Injetado +0.73125 (ADD_MULTIPLIED_TOTAL) de hard_labor no slot mainhand!
[16:40:13] [Server thread/INFO] (Minecraft) [STDOUT]: === [DEBUG FORJA] RAIO-X DOS PESOS (INT) ===
[16:40:13] [Server thread/INFO] (Minecraft) [STDOUT]: Sorte do Jogador: 0.0
[16:40:13] [Server thread/INFO] (Minecraft) [STDOUT]: Reforge Modifier (Corte da Forja): 0.9
[16:40:13] [Server thread/INFO] (Minecraft) [STDOUT]: Luck Modifier (Bônus da Sorte): 0.02
[16:40:13] [Server thread/INFO] (Minecraft) [STDOUT]: --- CICLO DE VIDA DOS PESOS ---
[16:40:13] [Server thread/INFO] (Minecraft) [STDOUT]: all_tools/mythic_tool_1 -> JSON: 0 | Forja(+1): 1 | FINAL: 1
[16:40:13] [Server thread/INFO] (Minecraft) [STDOUT]: all_tools/unique_tool_4 -> JSON: 1 | Forja(+1): 2 | FINAL: 2
[16:40:13] [Server thread/INFO] (Minecraft) [STDOUT]: all_tools/unique_tool_2 -> JSON: 1 | Forja(+1): 2 | FINAL: 2
[16:40:13] [Server thread/INFO] (Minecraft) [STDOUT]: all_tools/unique_tool_3 -> JSON: 1 | Forja(+1): 2 | FINAL: 2
[16:40:13] [Server thread/INFO] (Minecraft) [STDOUT]: all_tools/unique_tool_1 -> JSON: 1 | Forja(+1): 2 | FINAL: 2
[16:40:13] [Server thread/INFO] (Minecraft) [STDOUT]: all_tools/legendary_tool_1 -> JSON: 7 | Forja(+1): 8 | FINAL: 8
[16:40:13] [Server thread/INFO] (Minecraft) [STDOUT]: all_tools/legendary_tool_4 -> JSON: 7 | Forja(+1): 8 | FINAL: 8
[16:40:13] [Server thread/INFO] (Minecraft) [STDOUT]: all_tools/legendary_tool_3 -> JSON: 7 | Forja(+1): 8 | FINAL: 8
[16:40:13] [Server thread/INFO] (Minecraft) [STDOUT]: all_tools/legendary_tool_2 -> JSON: 7 | Forja(+1): 8 | FINAL: 8
[16:40:13] [Server thread/INFO] (Minecraft) [STDOUT]: all_tools/epic_tool_4 -> JSON: 15 | Forja(+1): 16 | FINAL: 16
[16:40:13] [Server thread/INFO] (Minecraft) [STDOUT]: all_tools/epic_tool_1 -> JSON: 15 | Forja(+1): 16 | FINAL: 16
[16:40:13] [Server thread/INFO] (Minecraft) [STDOUT]: all_tools/epic_tool_3 -> JSON: 15 | Forja(+1): 16 | FINAL: 16
[16:40:13] [Server thread/INFO] (Minecraft) [STDOUT]: all_tools/epic_tool_2 -> JSON: 15 | Forja(+1): 16 | FINAL: 16
[16:40:13] [Server thread/INFO] (Minecraft) [STDOUT]: all_tools/rare_tool_4 -> JSON: 30 | Forja(+1): 31 | FINAL: 27
[16:40:13] [Server thread/INFO] (Minecraft) [STDOUT]: all_tools/rare_tool_3 -> JSON: 30 | Forja(+1): 31 | FINAL: 27
[16:40:13] [Server thread/INFO] (Minecraft) [STDOUT]: all_tools/rare_tool_2 -> JSON: 30 | Forja(+1): 31 | FINAL: 27
[16:40:13] [Server thread/INFO] (Minecraft) [STDOUT]: all_tools/rare_tool_1 -> JSON: 30 | Forja(+1): 31 | FINAL: 27
[16:40:13] [Server thread/INFO] (Minecraft) [STDOUT]: all_tools/uncommon_tool_4 -> JSON: 45 | Forja(+1): 46 | FINAL: 41
[16:40:13] [Server thread/INFO] (Minecraft) [STDOUT]: all_tools/uncommon_tool_3 -> JSON: 45 | Forja(+1): 46 | FINAL: 41
[16:40:13] [Server thread/INFO] (Minecraft) [STDOUT]: all_tools/uncommon_tool_2 -> JSON: 45 | Forja(+1): 46 | FINAL: 41
[16:40:13] [Server thread/INFO] (Minecraft) [STDOUT]: all_tools/uncommon_tool_1 -> JSON: 45 | Forja(+1): 46 | FINAL: 41
[16:40:13] [Server thread/INFO] (Minecraft) [STDOUT]: all_tools/common_tool_4 -> JSON: 60 | Forja(+1): 61 | FINAL: 54
[16:40:13] [Server thread/INFO] (Minecraft) [STDOUT]: all_tools/common_tool_2 -> JSON: 60 | Forja(+1): 61 | FINAL: 54
[16:40:13] [Server thread/INFO] (Minecraft) [STDOUT]: all_tools/common_tool_3 -> JSON: 60 | Forja(+1): 61 | FINAL: 54
[16:40:13] [Server thread/INFO] (Minecraft) [STDOUT]: all_tools/common_tool_1 -> JSON: 60 | Forja(+1): 61 | FINAL: 54
[16:40:13] [Server thread/INFO] (Minecraft) [STDOUT]: Peso Total da Roleta: 593
[16:40:13] [Server thread/INFO] (Minecraft) [STDOUT]: ====================================================
[16:40:13] [Server thread/INFO] (Minecraft) [STDOUT]: [ARPG DEBUG] Injetado +0.73125 (ADD_MULTIPLIED_TOTAL) de hard_labor no slot mainhand!
[16:40:14] [Server thread/INFO] (Minecraft) [STDOUT]: === [DEBUG FORJA] RAIO-X DOS PESOS (INT) ===
[16:40:14] [Server thread/INFO] (Minecraft) [STDOUT]: Sorte do Jogador: 0.0
[16:40:14] [Server thread/INFO] (Minecraft) [STDOUT]: Reforge Modifier (Corte da Forja): 0.9
[16:40:14] [Server thread/INFO] (Minecraft) [STDOUT]: Luck Modifier (Bônus da Sorte): 0.02
[16:40:14] [Server thread/INFO] (Minecraft) [STDOUT]: --- CICLO DE VIDA DOS PESOS ---
[16:40:14] [Server thread/INFO] (Minecraft) [STDOUT]: all_tools/mythic_tool_1 -> JSON: 0 | Forja(+1): 1 | FINAL: 1
[16:40:14] [Server thread/INFO] (Minecraft) [STDOUT]: all_tools/unique_tool_4 -> JSON: 1 | Forja(+1): 2 | FINAL: 2
[16:40:14] [Server thread/INFO] (Minecraft) [STDOUT]: all_tools/unique_tool_2 -> JSON: 1 | Forja(+1): 2 | FINAL: 2
[16:40:14] [Server thread/INFO] (Minecraft) [STDOUT]: all_tools/unique_tool_3 -> JSON: 1 | Forja(+1): 2 | FINAL: 2
[16:40:14] [Server thread/INFO] (Minecraft) [STDOUT]: all_tools/unique_tool_1 -> JSON: 1 | Forja(+1): 2 | FINAL: 2
[16:40:14] [Server thread/INFO] (Minecraft) [STDOUT]: all_tools/legendary_tool_1 -> JSON: 7 | Forja(+1): 8 | FINAL: 8
[16:40:14] [Server thread/INFO] (Minecraft) [STDOUT]: all_tools/legendary_tool_4 -> JSON: 7 | Forja(+1): 8 | FINAL: 8
[16:40:14] [Server thread/INFO] (Minecraft) [STDOUT]: all_tools/legendary_tool_3 -> JSON: 7 | Forja(+1): 8 | FINAL: 8
[16:40:14] [Server thread/INFO] (Minecraft) [STDOUT]: all_tools/legendary_tool_2 -> JSON: 7 | Forja(+1): 8 | FINAL: 8
[16:40:14] [Server thread/INFO] (Minecraft) [STDOUT]: all_tools/epic_tool_4 -> JSON: 15 | Forja(+1): 16 | FINAL: 16
[16:40:14] [Server thread/INFO] (Minecraft) [STDOUT]: all_tools/epic_tool_1 -> JSON: 15 | Forja(+1): 16 | FINAL: 16
[16:40:14] [Server thread/INFO] (Minecraft) [STDOUT]: all_tools/epic_tool_3 -> JSON: 15 | Forja(+1): 16 | FINAL: 16
[16:40:14] [Server thread/INFO] (Minecraft) [STDOUT]: all_tools/epic_tool_2 -> JSON: 15 | Forja(+1): 16 | FINAL: 16
[16:40:14] [Server thread/INFO] (Minecraft) [STDOUT]: all_tools/rare_tool_4 -> JSON: 30 | Forja(+1): 31 | FINAL: 27
[16:40:14] [Server thread/INFO] (Minecraft) [STDOUT]: all_tools/rare_tool_3 -> JSON: 30 | Forja(+1): 31 | FINAL: 27
[16:40:14] [Server thread/INFO] (Minecraft) [STDOUT]: all_tools/rare_tool_2 -> JSON: 30 | Forja(+1): 31 | FINAL: 27
[16:40:14] [Server thread/INFO] (Minecraft) [STDOUT]: all_tools/rare_tool_1 -> JSON: 30 | Forja(+1): 31 | FINAL: 27
[16:40:14] [Server thread/INFO] (Minecraft) [STDOUT]: all_tools/uncommon_tool_4 -> JSON: 45 | Forja(+1): 46 | FINAL: 41
[16:40:14] [Server thread/INFO] (Minecraft) [STDOUT]: all_tools/uncommon_tool_3 -> JSON: 45 | Forja(+1): 46 | FINAL: 41
[16:40:14] [Server thread/INFO] (Minecraft) [STDOUT]: all_tools/uncommon_tool_2 -> JSON: 45 | Forja(+1): 46 | FINAL: 41
[16:40:14] [Server thread/INFO] (Minecraft) [STDOUT]: all_tools/uncommon_tool_1 -> JSON: 45 | Forja(+1): 46 | FINAL: 41
[16:40:14] [Server thread/INFO] (Minecraft) [STDOUT]: all_tools/common_tool_4 -> JSON: 60 | Forja(+1): 61 | FINAL: 54
[16:40:14] [Server thread/INFO] (Minecraft) [STDOUT]: all_tools/common_tool_2 -> JSON: 60 | Forja(+1): 61 | FINAL: 54
[16:40:14] [Server thread/INFO] (Minecraft) [STDOUT]: all_tools/common_tool_3 -> JSON: 60 | Forja(+1): 61 | FINAL: 54
[16:40:14] [Server thread/INFO] (Minecraft) [STDOUT]: all_tools/common_tool_1 -> JSON: 60 | Forja(+1): 61 | FINAL: 54
[16:40:14] [Server thread/INFO] (Minecraft) [STDOUT]: Peso Total da Roleta: 593
[16:40:14] [Server thread/INFO] (Minecraft) [STDOUT]: ====================================================
[16:40:14] [Server thread/INFO] (Minecraft) [STDOUT]: [ARPG DEBUG] Injetado +0.73125 (ADD_MULTIPLIED_TOTAL) de hard_labor no slot mainhand!
[16:40:15] [Server thread/INFO] (Minecraft) [STDOUT]: === [DEBUG FORJA] RAIO-X DOS PESOS (INT) ===
[16:40:15] [Server thread/INFO] (Minecraft) [STDOUT]: Sorte do Jogador: 0.0
[16:40:15] [Server thread/INFO] (Minecraft) [STDOUT]: Reforge Modifier (Corte da Forja): 0.9
[16:40:15] [Server thread/INFO] (Minecraft) [STDOUT]: Luck Modifier (Bônus da Sorte): 0.02
[16:40:15] [Server thread/INFO] (Minecraft) [STDOUT]: --- CICLO DE VIDA DOS PESOS ---
[16:40:15] [Server thread/INFO] (Minecraft) [STDOUT]: all_tools/mythic_tool_1 -> JSON: 0 | Forja(+1): 1 | FINAL: 1
[16:40:15] [Server thread/INFO] (Minecraft) [STDOUT]: all_tools/unique_tool_4 -> JSON: 1 | Forja(+1): 2 | FINAL: 2
[16:40:15] [Server thread/INFO] (Minecraft) [STDOUT]: all_tools/unique_tool_2 -> JSON: 1 | Forja(+1): 2 | FINAL: 2
[16:40:15] [Server thread/INFO] (Minecraft) [STDOUT]: all_tools/unique_tool_3 -> JSON: 1 | Forja(+1): 2 | FINAL: 2
[16:40:15] [Server thread/INFO] (Minecraft) [STDOUT]: all_tools/unique_tool_1 -> JSON: 1 | Forja(+1): 2 | FINAL: 2
[16:40:15] [Server thread/INFO] (Minecraft) [STDOUT]: all_tools/legendary_tool_1 -> JSON: 7 | Forja(+1): 8 | FINAL: 8
[16:40:15] [Server thread/INFO] (Minecraft) [STDOUT]: all_tools/legendary_tool_4 -> JSON: 7 | Forja(+1): 8 | FINAL: 8
[16:40:15] [Server thread/INFO] (Minecraft) [STDOUT]: all_tools/legendary_tool_3 -> JSON: 7 | Forja(+1): 8 | FINAL: 8
[16:40:15] [Server thread/INFO] (Minecraft) [STDOUT]: all_tools/legendary_tool_2 -> JSON: 7 | Forja(+1): 8 | FINAL: 8
[16:40:15] [Server thread/INFO] (Minecraft) [STDOUT]: all_tools/epic_tool_4 -> JSON: 15 | Forja(+1): 16 | FINAL: 16
[16:40:15] [Server thread/INFO] (Minecraft) [STDOUT]: all_tools/epic_tool_1 -> JSON: 15 | Forja(+1): 16 | FINAL: 16
[16:40:15] [Server thread/INFO] (Minecraft) [STDOUT]: all_tools/epic_tool_3 -> JSON: 15 | Forja(+1): 16 | FINAL: 16
[16:40:15] [Server thread/INFO] (Minecraft) [STDOUT]: all_tools/epic_tool_2 -> JSON: 15 | Forja(+1): 16 | FINAL: 16
[16:40:15] [Server thread/INFO] (Minecraft) [STDOUT]: all_tools/rare_tool_4 -> JSON: 30 | Forja(+1): 31 | FINAL: 27
[16:40:15] [Server thread/INFO] (Minecraft) [STDOUT]: all_tools/rare_tool_3 -> JSON: 30 | Forja(+1): 31 | FINAL: 27
[16:40:15] [Server thread/INFO] (Minecraft) [STDOUT]: all_tools/rare_tool_2 -> JSON: 30 | Forja(+1): 31 | FINAL: 27
[16:40:15] [Server thread/INFO] (Minecraft) [STDOUT]: all_tools/rare_tool_1 -> JSON: 30 | Forja(+1): 31 | FINAL: 27
[16:40:15] [Server thread/INFO] (Minecraft) [STDOUT]: all_tools/uncommon_tool_4 -> JSON: 45 | Forja(+1): 46 | FINAL: 41
[16:40:15] [Server thread/INFO] (Minecraft) [STDOUT]: all_tools/uncommon_tool_3 -> JSON: 45 | Forja(+1): 46 | FINAL: 41
[16:40:15] [Server thread/INFO] (Minecraft) [STDOUT]: all_tools/uncommon_tool_2 -> JSON: 45 | Forja(+1): 46 | FINAL: 41
[16:40:15] [Server thread/INFO] (Minecraft) [STDOUT]: all_tools/uncommon_tool_1 -> JSON: 45 | Forja(+1): 46 | FINAL: 41
[16:40:15] [Server thread/INFO] (Minecraft) [STDOUT]: all_tools/common_tool_4 -> JSON: 60 | Forja(+1): 61 | FINAL: 54
[16:40:15] [Server thread/INFO] (Minecraft) [STDOUT]: all_tools/common_tool_2 -> JSON: 60 | Forja(+1): 61 | FINAL: 54
[16:40:15] [Server thread/INFO] (Minecraft) [STDOUT]: all_tools/common_tool_3 -> JSON: 60 | Forja(+1): 61 | FINAL: 54
[16:40:15] [Server thread/INFO] (Minecraft) [STDOUT]: all_tools/common_tool_1 -> JSON: 60 | Forja(+1): 61 | FINAL: 54
[16:40:15] [Server thread/INFO] (Minecraft) [STDOUT]: Peso Total da Roleta: 593
[16:40:15] [Server thread/INFO] (Minecraft) [STDOUT]: ====================================================
[16:40:15] [Server thread/INFO] (Minecraft) [STDOUT]: [ARPG DEBUG] Injetado +0.73125 (ADD_MULTIPLIED_TOTAL) de hard_labor no slot mainhand!
[16:40:15] [Server thread/INFO] (Minecraft) [STDOUT]: === [DEBUG FORJA] RAIO-X DOS PESOS (INT) ===
[16:40:15] [Server thread/INFO] (Minecraft) [STDOUT]: Sorte do Jogador: 0.0
[16:40:15] [Server thread/INFO] (Minecraft) [STDOUT]: Reforge Modifier (Corte da Forja): 0.9
[16:40:15] [Server thread/INFO] (Minecraft) [STDOUT]: Luck Modifier (Bônus da Sorte): 0.02
[16:40:15] [Server thread/INFO] (Minecraft) [STDOUT]: --- CICLO DE VIDA DOS PESOS ---
[16:40:15] [Server thread/INFO] (Minecraft) [STDOUT]: all_tools/mythic_tool_1 -> JSON: 0 | Forja(+1): 1 | FINAL: 1
[16:40:15] [Server thread/INFO] (Minecraft) [STDOUT]: all_tools/unique_tool_4 -> JSON: 1 | Forja(+1): 2 | FINAL: 2
[16:40:15] [Server thread/INFO] (Minecraft) [STDOUT]: all_tools/unique_tool_2 -> JSON: 1 | Forja(+1): 2 | FINAL: 2
[16:40:15] [Server thread/INFO] (Minecraft) [STDOUT]: all_tools/unique_tool_3 -> JSON: 1 | Forja(+1): 2 | FINAL: 2
[16:40:15] [Server thread/INFO] (Minecraft) [STDOUT]: all_tools/unique_tool_1 -> JSON: 1 | Forja(+1): 2 | FINAL: 2
[16:40:15] [Server thread/INFO] (Minecraft) [STDOUT]: all_tools/legendary_tool_1 -> JSON: 7 | Forja(+1): 8 | FINAL: 8
[16:40:15] [Server thread/INFO] (Minecraft) [STDOUT]: all_tools/legendary_tool_4 -> JSON: 7 | Forja(+1): 8 | FINAL: 8
[16:40:15] [Server thread/INFO] (Minecraft) [STDOUT]: all_tools/legendary_tool_3 -> JSON: 7 | Forja(+1): 8 | FINAL: 8
[16:40:15] [Server thread/INFO] (Minecraft) [STDOUT]: all_tools/legendary_tool_2 -> JSON: 7 | Forja(+1): 8 | FINAL: 8
[16:40:15] [Server thread/INFO] (Minecraft) [STDOUT]: all_tools/epic_tool_4 -> JSON: 15 | Forja(+1): 16 | FINAL: 16
[16:40:15] [Server thread/INFO] (Minecraft) [STDOUT]: all_tools/epic_tool_1 -> JSON: 15 | Forja(+1): 16 | FINAL: 16
[16:40:15] [Server thread/INFO] (Minecraft) [STDOUT]: all_tools/epic_tool_3 -> JSON: 15 | Forja(+1): 16 | FINAL: 16
[16:40:15] [Server thread/INFO] (Minecraft) [STDOUT]: all_tools/epic_tool_2 -> JSON: 15 | Forja(+1): 16 | FINAL: 16
[16:40:15] [Server thread/INFO] (Minecraft) [STDOUT]: all_tools/rare_tool_4 -> JSON: 30 | Forja(+1): 31 | FINAL: 27
[16:40:15] [Server thread/INFO] (Minecraft) [STDOUT]: all_tools/rare_tool_3 -> JSON: 30 | Forja(+1): 31 | FINAL: 27
[16:40:15] [Server thread/INFO] (Minecraft) [STDOUT]: all_tools/rare_tool_2 -> JSON: 30 | Forja(+1): 31 | FINAL: 27
[16:40:15] [Server thread/INFO] (Minecraft) [STDOUT]: all_tools/rare_tool_1 -> JSON: 30 | Forja(+1): 31 | FINAL: 27
[16:40:15] [Server thread/INFO] (Minecraft) [STDOUT]: all_tools/uncommon_tool_4 -> JSON: 45 | Forja(+1): 46 | FINAL: 41
[16:40:15] [Server thread/INFO] (Minecraft) [STDOUT]: all_tools/uncommon_tool_3 -> JSON: 45 | Forja(+1): 46 | FINAL: 41
[16:40:15] [Server thread/INFO] (Minecraft) [STDOUT]: all_tools/uncommon_tool_2 -> JSON: 45 | Forja(+1): 46 | FINAL: 41
[16:40:15] [Server thread/INFO] (Minecraft) [STDOUT]: all_tools/uncommon_tool_1 -> JSON: 45 | Forja(+1): 46 | FINAL: 41
[16:40:15] [Server thread/INFO] (Minecraft) [STDOUT]: all_tools/common_tool_4 -> JSON: 60 | Forja(+1): 61 | FINAL: 54
[16:40:15] [Server thread/INFO] (Minecraft) [STDOUT]: all_tools/common_tool_2 -> JSON: 60 | Forja(+1): 61 | FINAL: 54
[16:40:15] [Server thread/INFO] (Minecraft) [STDOUT]: all_tools/common_tool_3 -> JSON: 60 | Forja(+1): 61 | FINAL: 54
[16:40:15] [Server thread/INFO] (Minecraft) [STDOUT]: all_tools/common_tool_1 -> JSON: 60 | Forja(+1): 61 | FINAL: 54
[16:40:15] [Server thread/INFO] (Minecraft) [STDOUT]: Peso Total da Roleta: 593
[16:40:15] [Server thread/INFO] (Minecraft) [STDOUT]: ====================================================
[16:40:15] [Server thread/INFO] (Minecraft) [STDOUT]: [ARPG DEBUG] Injetado +0.73125 (ADD_MULTIPLIED_TOTAL) de hard_labor no slot mainhand!
[16:40:16] [Server thread/INFO] (Minecraft) [STDOUT]: === [DEBUG FORJA] RAIO-X DOS PESOS (INT) ===
[16:40:16] [Server thread/INFO] (Minecraft) [STDOUT]: Sorte do Jogador: 0.0
[16:40:16] [Server thread/INFO] (Minecraft) [STDOUT]: Reforge Modifier (Corte da Forja): 0.9
[16:40:16] [Server thread/INFO] (Minecraft) [STDOUT]: Luck Modifier (Bônus da Sorte): 0.02
[16:40:16] [Server thread/INFO] (Minecraft) [STDOUT]: --- CICLO DE VIDA DOS PESOS ---
[16:40:16] [Server thread/INFO] (Minecraft) [STDOUT]: all_tools/mythic_tool_1 -> JSON: 0 | Forja(+1): 1 | FINAL: 1
[16:40:16] [Server thread/INFO] (Minecraft) [STDOUT]: all_tools/unique_tool_4 -> JSON: 1 | Forja(+1): 2 | FINAL: 2
[16:40:16] [Server thread/INFO] (Minecraft) [STDOUT]: all_tools/unique_tool_2 -> JSON: 1 | Forja(+1): 2 | FINAL: 2
[16:40:16] [Server thread/INFO] (Minecraft) [STDOUT]: all_tools/unique_tool_3 -> JSON: 1 | Forja(+1): 2 | FINAL: 2
[16:40:16] [Server thread/INFO] (Minecraft) [STDOUT]: all_tools/unique_tool_1 -> JSON: 1 | Forja(+1): 2 | FINAL: 2
[16:40:16] [Server thread/INFO] (Minecraft) [STDOUT]: all_tools/legendary_tool_1 -> JSON: 7 | Forja(+1): 8 | FINAL: 8
[16:40:16] [Server thread/INFO] (Minecraft) [STDOUT]: all_tools/legendary_tool_4 -> JSON: 7 | Forja(+1): 8 | FINAL: 8
[16:40:16] [Server thread/INFO] (Minecraft) [STDOUT]: all_tools/legendary_tool_3 -> JSON: 7 | Forja(+1): 8 | FINAL: 8
[16:40:16] [Server thread/INFO] (Minecraft) [STDOUT]: all_tools/legendary_tool_2 -> JSON: 7 | Forja(+1): 8 | FINAL: 8
[16:40:16] [Server thread/INFO] (Minecraft) [STDOUT]: all_tools/epic_tool_4 -> JSON: 15 | Forja(+1): 16 | FINAL: 16
[16:40:16] [Server thread/INFO] (Minecraft) [STDOUT]: all_tools/epic_tool_1 -> JSON: 15 | Forja(+1): 16 | FINAL: 16
[16:40:16] [Server thread/INFO] (Minecraft) [STDOUT]: all_tools/epic_tool_3 -> JSON: 15 | Forja(+1): 16 | FINAL: 16
[16:40:16] [Server thread/INFO] (Minecraft) [STDOUT]: all_tools/epic_tool_2 -> JSON: 15 | Forja(+1): 16 | FINAL: 16
[16:40:16] [Server thread/INFO] (Minecraft) [STDOUT]: all_tools/rare_tool_4 -> JSON: 30 | Forja(+1): 31 | FINAL: 27
[16:40:16] [Server thread/INFO] (Minecraft) [STDOUT]: all_tools/rare_tool_3 -> JSON: 30 | Forja(+1): 31 | FINAL: 27
[16:40:16] [Server thread/INFO] (Minecraft) [STDOUT]: all_tools/rare_tool_2 -> JSON: 30 | Forja(+1): 31 | FINAL: 27
[16:40:16] [Server thread/INFO] (Minecraft) [STDOUT]: all_tools/rare_tool_1 -> JSON: 30 | Forja(+1): 31 | FINAL: 27
[16:40:16] [Server thread/INFO] (Minecraft) [STDOUT]: all_tools/uncommon_tool_4 -> JSON: 45 | Forja(+1): 46 | FINAL: 41
[16:40:16] [Server thread/INFO] (Minecraft) [STDOUT]: all_tools/uncommon_tool_3 -> JSON: 45 | Forja(+1): 46 | FINAL: 41
[16:40:16] [Server thread/INFO] (Minecraft) [STDOUT]: all_tools/uncommon_tool_2 -> JSON: 45 | Forja(+1): 46 | FINAL: 41
[16:40:16] [Server thread/INFO] (Minecraft) [STDOUT]: all_tools/uncommon_tool_1 -> JSON: 45 | Forja(+1): 46 | FINAL: 41
[16:40:16] [Server thread/INFO] (Minecraft) [STDOUT]: all_tools/common_tool_4 -> JSON: 60 | Forja(+1): 61 | FINAL: 54
[16:40:16] [Server thread/INFO] (Minecraft) [STDOUT]: all_tools/common_tool_2 -> JSON: 60 | Forja(+1): 61 | FINAL: 54
[16:40:16] [Server thread/INFO] (Minecraft) [STDOUT]: all_tools/common_tool_3 -> JSON: 60 | Forja(+1): 61 | FINAL: 54
[16:40:16] [Server thread/INFO] (Minecraft) [STDOUT]: all_tools/common_tool_1 -> JSON: 60 | Forja(+1): 61 | FINAL: 54
[16:40:16] [Server thread/INFO] (Minecraft) [STDOUT]: Peso Total da Roleta: 593
[16:40:16] [Server thread/INFO] (Minecraft) [STDOUT]: ====================================================
[16:40:16] [Server thread/INFO] (Minecraft) [STDOUT]: [ARPG DEBUG] Injetado +0.73125 (ADD_MULTIPLIED_TOTAL) de hard_labor no slot mainhand!
[16:40:17] [Server thread/INFO] (Minecraft) [STDOUT]: === [DEBUG FORJA] RAIO-X DOS PESOS (INT) ===
[16:40:17] [Server thread/INFO] (Minecraft) [STDOUT]: Sorte do Jogador: 0.0
[16:40:17] [Server thread/INFO] (Minecraft) [STDOUT]: Reforge Modifier (Corte da Forja): 0.9
[16:40:17] [Server thread/INFO] (Minecraft) [STDOUT]: Luck Modifier (Bônus da Sorte): 0.02
[16:40:17] [Server thread/INFO] (Minecraft) [STDOUT]: --- CICLO DE VIDA DOS PESOS ---
[16:40:17] [Server thread/INFO] (Minecraft) [STDOUT]: all_tools/mythic_tool_1 -> JSON: 0 | Forja(+1): 1 | FINAL: 1
[16:40:17] [Server thread/INFO] (Minecraft) [STDOUT]: all_tools/unique_tool_4 -> JSON: 1 | Forja(+1): 2 | FINAL: 2
[16:40:17] [Server thread/INFO] (Minecraft) [STDOUT]: all_tools/unique_tool_2 -> JSON: 1 | Forja(+1): 2 | FINAL: 2
[16:40:17] [Server thread/INFO] (Minecraft) [STDOUT]: all_tools/unique_tool_3 -> JSON: 1 | Forja(+1): 2 | FINAL: 2
[16:40:17] [Server thread/INFO] (Minecraft) [STDOUT]: all_tools/unique_tool_1 -> JSON: 1 | Forja(+1): 2 | FINAL: 2
[16:40:17] [Server thread/INFO] (Minecraft) [STDOUT]: all_tools/legendary_tool_1 -> JSON: 7 | Forja(+1): 8 | FINAL: 8
[16:40:17] [Server thread/INFO] (Minecraft) [STDOUT]: all_tools/legendary_tool_4 -> JSON: 7 | Forja(+1): 8 | FINAL: 8
[16:40:17] [Server thread/INFO] (Minecraft) [STDOUT]: all_tools/legendary_tool_3 -> JSON: 7 | Forja(+1): 8 | FINAL: 8
[16:40:17] [Server thread/INFO] (Minecraft) [STDOUT]: all_tools/legendary_tool_2 -> JSON: 7 | Forja(+1): 8 | FINAL: 8
[16:40:17] [Server thread/INFO] (Minecraft) [STDOUT]: all_tools/epic_tool_4 -> JSON: 15 | Forja(+1): 16 | FINAL: 16
[16:40:17] [Server thread/INFO] (Minecraft) [STDOUT]: all_tools/epic_tool_1 -> JSON: 15 | Forja(+1): 16 | FINAL: 16
[16:40:17] [Server thread/INFO] (Minecraft) [STDOUT]: all_tools/epic_tool_3 -> JSON: 15 | Forja(+1): 16 | FINAL: 16
[16:40:17] [Server thread/INFO] (Minecraft) [STDOUT]: all_tools/epic_tool_2 -> JSON: 15 | Forja(+1): 16 | FINAL: 16
[16:40:17] [Server thread/INFO] (Minecraft) [STDOUT]: all_tools/rare_tool_4 -> JSON: 30 | Forja(+1): 31 | FINAL: 27
[16:40:17] [Server thread/INFO] (Minecraft) [STDOUT]: all_tools/rare_tool_3 -> JSON: 30 | Forja(+1): 31 | FINAL: 27
[16:40:17] [Server thread/INFO] (Minecraft) [STDOUT]: all_tools/rare_tool_2 -> JSON: 30 | Forja(+1): 31 | FINAL: 27
[16:40:17] [Server thread/INFO] (Minecraft) [STDOUT]: all_tools/rare_tool_1 -> JSON: 30 | Forja(+1): 31 | FINAL: 27
[16:40:17] [Server thread/INFO] (Minecraft) [STDOUT]: all_tools/uncommon_tool_4 -> JSON: 45 | Forja(+1): 46 | FINAL: 41
[16:40:17] [Server thread/INFO] (Minecraft) [STDOUT]: all_tools/uncommon_tool_3 -> JSON: 45 | Forja(+1): 46 | FINAL: 41
[16:40:17] [Server thread/INFO] (Minecraft) [STDOUT]: all_tools/uncommon_tool_2 -> JSON: 45 | Forja(+1): 46 | FINAL: 41
[16:40:17] [Server thread/INFO] (Minecraft) [STDOUT]: all_tools/uncommon_tool_1 -> JSON: 45 | Forja(+1): 46 | FINAL: 41
[16:40:17] [Server thread/INFO] (Minecraft) [STDOUT]: all_tools/common_tool_4 -> JSON: 60 | Forja(+1): 61 | FINAL: 54
[16:40:17] [Server thread/INFO] (Minecraft) [STDOUT]: all_tools/common_tool_2 -> JSON: 60 | Forja(+1): 61 | FINAL: 54
[16:40:17] [Server thread/INFO] (Minecraft) [STDOUT]: all_tools/common_tool_3 -> JSON: 60 | Forja(+1): 61 | FINAL: 54
[16:40:17] [Server thread/INFO] (Minecraft) [STDOUT]: all_tools/common_tool_1 -> JSON: 60 | Forja(+1): 61 | FINAL: 54
[16:40:17] [Server thread/INFO] (Minecraft) [STDOUT]: Peso Total da Roleta: 593
[16:40:17] [Server thread/INFO] (Minecraft) [STDOUT]: ====================================================
[16:40:17] [Server thread/INFO] (Minecraft) [STDOUT]: [ARPG DEBUG] Injetado +0.73125 (ADD_MULTIPLIED_TOTAL) de hard_labor no slot mainhand!
[16:40:18] [Server thread/INFO] (Minecraft) [STDOUT]: === [DEBUG FORJA] RAIO-X DOS PESOS (INT) ===
[16:40:18] [Server thread/INFO] (Minecraft) [STDOUT]: Sorte do Jogador: 0.0
[16:40:18] [Server thread/INFO] (Minecraft) [STDOUT]: Reforge Modifier (Corte da Forja): 0.9
[16:40:18] [Server thread/INFO] (Minecraft) [STDOUT]: Luck Modifier (Bônus da Sorte): 0.02
[16:40:18] [Server thread/INFO] (Minecraft) [STDOUT]: --- CICLO DE VIDA DOS PESOS ---
[16:40:18] [Server thread/INFO] (Minecraft) [STDOUT]: all_tools/mythic_tool_1 -> JSON: 0 | Forja(+1): 1 | FINAL: 1
[16:40:18] [Server thread/INFO] (Minecraft) [STDOUT]: all_tools/unique_tool_4 -> JSON: 1 | Forja(+1): 2 | FINAL: 2
[16:40:18] [Server thread/INFO] (Minecraft) [STDOUT]: all_tools/unique_tool_2 -> JSON: 1 | Forja(+1): 2 | FINAL: 2
[16:40:18] [Server thread/INFO] (Minecraft) [STDOUT]: all_tools/unique_tool_3 -> JSON: 1 | Forja(+1): 2 | FINAL: 2
[16:40:18] [Server thread/INFO] (Minecraft) [STDOUT]: all_tools/unique_tool_1 -> JSON: 1 | Forja(+1): 2 | FINAL: 2
[16:40:18] [Server thread/INFO] (Minecraft) [STDOUT]: all_tools/legendary_tool_1 -> JSON: 7 | Forja(+1): 8 | FINAL: 8
[16:40:18] [Server thread/INFO] (Minecraft) [STDOUT]: all_tools/legendary_tool_4 -> JSON: 7 | Forja(+1): 8 | FINAL: 8
[16:40:18] [Server thread/INFO] (Minecraft) [STDOUT]: all_tools/legendary_tool_3 -> JSON: 7 | Forja(+1): 8 | FINAL: 8
[16:40:18] [Server thread/INFO] (Minecraft) [STDOUT]: all_tools/legendary_tool_2 -> JSON: 7 | Forja(+1): 8 | FINAL: 8
[16:40:18] [Server thread/INFO] (Minecraft) [STDOUT]: all_tools/epic_tool_4 -> JSON: 15 | Forja(+1): 16 | FINAL: 16
[16:40:18] [Server thread/INFO] (Minecraft) [STDOUT]: all_tools/epic_tool_1 -> JSON: 15 | Forja(+1): 16 | FINAL: 16
[16:40:18] [Server thread/INFO] (Minecraft) [STDOUT]: all_tools/epic_tool_3 -> JSON: 15 | Forja(+1): 16 | FINAL: 16
[16:40:18] [Server thread/INFO] (Minecraft) [STDOUT]: all_tools/epic_tool_2 -> JSON: 15 | Forja(+1): 16 | FINAL: 16
[16:40:18] [Server thread/INFO] (Minecraft) [STDOUT]: all_tools/rare_tool_4 -> JSON: 30 | Forja(+1): 31 | FINAL: 27
[16:40:18] [Server thread/INFO] (Minecraft) [STDOUT]: all_tools/rare_tool_3 -> JSON: 30 | Forja(+1): 31 | FINAL: 27
[16:40:18] [Server thread/INFO] (Minecraft) [STDOUT]: all_tools/rare_tool_2 -> JSON: 30 | Forja(+1): 31 | FINAL: 27
[16:40:18] [Server thread/INFO] (Minecraft) [STDOUT]: all_tools/rare_tool_1 -> JSON: 30 | Forja(+1): 31 | FINAL: 27
[16:40:18] [Server thread/INFO] (Minecraft) [STDOUT]: all_tools/uncommon_tool_4 -> JSON: 45 | Forja(+1): 46 | FINAL: 41
[16:40:18] [Server thread/INFO] (Minecraft) [STDOUT]: all_tools/uncommon_tool_3 -> JSON: 45 | Forja(+1): 46 | FINAL: 41
[16:40:18] [Server thread/INFO] (Minecraft) [STDOUT]: all_tools/uncommon_tool_2 -> JSON: 45 | Forja(+1): 46 | FINAL: 41
[16:40:18] [Server thread/INFO] (Minecraft) [STDOUT]: all_tools/uncommon_tool_1 -> JSON: 45 | Forja(+1): 46 | FINAL: 41
[16:40:18] [Server thread/INFO] (Minecraft) [STDOUT]: all_tools/common_tool_4 -> JSON: 60 | Forja(+1): 61 | FINAL: 54
[16:40:18] [Server thread/INFO] (Minecraft) [STDOUT]: all_tools/common_tool_2 -> JSON: 60 | Forja(+1): 61 | FINAL: 54
[16:40:18] [Server thread/INFO] (Minecraft) [STDOUT]: all_tools/common_tool_3 -> JSON: 60 | Forja(+1): 61 | FINAL: 54
[16:40:18] [Server thread/INFO] (Minecraft) [STDOUT]: all_tools/common_tool_1 -> JSON: 60 | Forja(+1): 61 | FINAL: 54
[16:40:18] [Server thread/INFO] (Minecraft) [STDOUT]: Peso Total da Roleta: 593
[16:40:18] [Server thread/INFO] (Minecraft) [STDOUT]: ====================================================
[16:40:18] [Server thread/INFO] (Minecraft) [STDOUT]: [ARPG DEBUG] Injetado +0.73125 (ADD_MULTIPLIED_TOTAL) de hard_labor no slot mainhand!
[16:40:18] [Server thread/INFO] (Minecraft) [STDOUT]: === [DEBUG FORJA] RAIO-X DOS PESOS (INT) ===
[16:40:18] [Server thread/INFO] (Minecraft) [STDOUT]: Sorte do Jogador: 0.0
[16:40:18] [Server thread/INFO] (Minecraft) [STDOUT]: Reforge Modifier (Corte da Forja): 0.9
[16:40:18] [Server thread/INFO] (Minecraft) [STDOUT]: Luck Modifier (Bônus da Sorte): 0.02
[16:40:18] [Server thread/INFO] (Minecraft) [STDOUT]: --- CICLO DE VIDA DOS PESOS ---
[16:40:18] [Server thread/INFO] (Minecraft) [STDOUT]: all_tools/mythic_tool_1 -> JSON: 0 | Forja(+1): 1 | FINAL: 1
[16:40:18] [Server thread/INFO] (Minecraft) [STDOUT]: all_tools/unique_tool_4 -> JSON: 1 | Forja(+1): 2 | FINAL: 2
[16:40:18] [Server thread/INFO] (Minecraft) [STDOUT]: all_tools/unique_tool_2 -> JSON: 1 | Forja(+1): 2 | FINAL: 2
[16:40:18] [Server thread/INFO] (Minecraft) [STDOUT]: all_tools/unique_tool_3 -> JSON: 1 | Forja(+1): 2 | FINAL: 2
[16:40:18] [Server thread/INFO] (Minecraft) [STDOUT]: all_tools/unique_tool_1 -> JSON: 1 | Forja(+1): 2 | FINAL: 2
[16:40:18] [Server thread/INFO] (Minecraft) [STDOUT]: all_tools/legendary_tool_1 -> JSON: 7 | Forja(+1): 8 | FINAL: 8
[16:40:18] [Server thread/INFO] (Minecraft) [STDOUT]: all_tools/legendary_tool_4 -> JSON: 7 | Forja(+1): 8 | FINAL: 8
[16:40:18] [Server thread/INFO] (Minecraft) [STDOUT]: all_tools/legendary_tool_3 -> JSON: 7 | Forja(+1): 8 | FINAL: 8
[16:40:18] [Server thread/INFO] (Minecraft) [STDOUT]: all_tools/legendary_tool_2 -> JSON: 7 | Forja(+1): 8 | FINAL: 8
[16:40:18] [Server thread/INFO] (Minecraft) [STDOUT]: all_tools/epic_tool_4 -> JSON: 15 | Forja(+1): 16 | FINAL: 16
[16:40:18] [Server thread/INFO] (Minecraft) [STDOUT]: all_tools/epic_tool_1 -> JSON: 15 | Forja(+1): 16 | FINAL: 16
[16:40:18] [Server thread/INFO] (Minecraft) [STDOUT]: all_tools/epic_tool_3 -> JSON: 15 | Forja(+1): 16 | FINAL: 16
[16:40:18] [Server thread/INFO] (Minecraft) [STDOUT]: all_tools/epic_tool_2 -> JSON: 15 | Forja(+1): 16 | FINAL: 16
[16:40:18] [Server thread/INFO] (Minecraft) [STDOUT]: all_tools/rare_tool_4 -> JSON: 30 | Forja(+1): 31 | FINAL: 27
[16:40:18] [Server thread/INFO] (Minecraft) [STDOUT]: all_tools/rare_tool_3 -> JSON: 30 | Forja(+1): 31 | FINAL: 27
[16:40:18] [Server thread/INFO] (Minecraft) [STDOUT]: all_tools/rare_tool_2 -> JSON: 30 | Forja(+1): 31 | FINAL: 27
[16:40:18] [Server thread/INFO] (Minecraft) [STDOUT]: all_tools/rare_tool_1 -> JSON: 30 | Forja(+1): 31 | FINAL: 27
[16:40:18] [Server thread/INFO] (Minecraft) [STDOUT]: all_tools/uncommon_tool_4 -> JSON: 45 | Forja(+1): 46 | FINAL: 41
[16:40:18] [Server thread/INFO] (Minecraft) [STDOUT]: all_tools/uncommon_tool_3 -> JSON: 45 | Forja(+1): 46 | FINAL: 41
[16:40:18] [Server thread/INFO] (Minecraft) [STDOUT]: all_tools/uncommon_tool_2 -> JSON: 45 | Forja(+1): 46 | FINAL: 41
[16:40:18] [Server thread/INFO] (Minecraft) [STDOUT]: all_tools/uncommon_tool_1 -> JSON: 45 | Forja(+1): 46 | FINAL: 41
[16:40:18] [Server thread/INFO] (Minecraft) [STDOUT]: all_tools/common_tool_4 -> JSON: 60 | Forja(+1): 61 | FINAL: 54
[16:40:18] [Server thread/INFO] (Minecraft) [STDOUT]: all_tools/common_tool_2 -> JSON: 60 | Forja(+1): 61 | FINAL: 54
[16:40:18] [Server thread/INFO] (Minecraft) [STDOUT]: all_tools/common_tool_3 -> JSON: 60 | Forja(+1): 61 | FINAL: 54
[16:40:18] [Server thread/INFO] (Minecraft) [STDOUT]: all_tools/common_tool_1 -> JSON: 60 | Forja(+1): 61 | FINAL: 54
[16:40:18] [Server thread/INFO] (Minecraft) [STDOUT]: Peso Total da Roleta: 593
[16:40:18] [Server thread/INFO] (Minecraft) [STDOUT]: ====================================================
[16:40:18] [Server thread/INFO] (Minecraft) [STDOUT]: [ARPG DEBUG] Injetado +0.73125 (ADD_MULTIPLIED_TOTAL) de hard_labor no slot mainhand!
[16:40:19] [Server thread/INFO] (Minecraft) [STDOUT]: === [DEBUG FORJA] RAIO-X DOS PESOS (INT) ===
[16:40:19] [Server thread/INFO] (Minecraft) [STDOUT]: Sorte do Jogador: 0.0
[16:40:19] [Server thread/INFO] (Minecraft) [STDOUT]: Reforge Modifier (Corte da Forja): 0.9
[16:40:19] [Server thread/INFO] (Minecraft) [STDOUT]: Luck Modifier (Bônus da Sorte): 0.02
[16:40:19] [Server thread/INFO] (Minecraft) [STDOUT]: --- CICLO DE VIDA DOS PESOS ---
[16:40:19] [Server thread/INFO] (Minecraft) [STDOUT]: all_tools/mythic_tool_1 -> JSON: 0 | Forja(+1): 1 | FINAL: 1
[16:40:19] [Server thread/INFO] (Minecraft) [STDOUT]: all_tools/unique_tool_4 -> JSON: 1 | Forja(+1): 2 | FINAL: 2
[16:40:19] [Server thread/INFO] (Minecraft) [STDOUT]: all_tools/unique_tool_2 -> JSON: 1 | Forja(+1): 2 | FINAL: 2
[16:40:19] [Server thread/INFO] (Minecraft) [STDOUT]: all_tools/unique_tool_3 -> JSON: 1 | Forja(+1): 2 | FINAL: 2
[16:40:19] [Server thread/INFO] (Minecraft) [STDOUT]: all_tools/unique_tool_1 -> JSON: 1 | Forja(+1): 2 | FINAL: 2
[16:40:19] [Server thread/INFO] (Minecraft) [STDOUT]: all_tools/legendary_tool_1 -> JSON: 7 | Forja(+1): 8 | FINAL: 8
[16:40:19] [Server thread/INFO] (Minecraft) [STDOUT]: all_tools/legendary_tool_4 -> JSON: 7 | Forja(+1): 8 | FINAL: 8
[16:40:19] [Server thread/INFO] (Minecraft) [STDOUT]: all_tools/legendary_tool_3 -> JSON: 7 | Forja(+1): 8 | FINAL: 8
[16:40:19] [Server thread/INFO] (Minecraft) [STDOUT]: all_tools/legendary_tool_2 -> JSON: 7 | Forja(+1): 8 | FINAL: 8
[16:40:19] [Server thread/INFO] (Minecraft) [STDOUT]: all_tools/epic_tool_4 -> JSON: 15 | Forja(+1): 16 | FINAL: 16
[16:40:19] [Server thread/INFO] (Minecraft) [STDOUT]: all_tools/epic_tool_1 -> JSON: 15 | Forja(+1): 16 | FINAL: 16
[16:40:19] [Server thread/INFO] (Minecraft) [STDOUT]: all_tools/epic_tool_3 -> JSON: 15 | Forja(+1): 16 | FINAL: 16
[16:40:19] [Server thread/INFO] (Minecraft) [STDOUT]: all_tools/epic_tool_2 -> JSON: 15 | Forja(+1): 16 | FINAL: 16
[16:40:19] [Server thread/INFO] (Minecraft) [STDOUT]: all_tools/rare_tool_4 -> JSON: 30 | Forja(+1): 31 | FINAL: 27
[16:40:19] [Server thread/INFO] (Minecraft) [STDOUT]: all_tools/rare_tool_3 -> JSON: 30 | Forja(+1): 31 | FINAL: 27
[16:40:19] [Server thread/INFO] (Minecraft) [STDOUT]: all_tools/rare_tool_2 -> JSON: 30 | Forja(+1): 31 | FINAL: 27
[16:40:19] [Server thread/INFO] (Minecraft) [STDOUT]: all_tools/rare_tool_1 -> JSON: 30 | Forja(+1): 31 | FINAL: 27
[16:40:19] [Server thread/INFO] (Minecraft) [STDOUT]: all_tools/uncommon_tool_4 -> JSON: 45 | Forja(+1): 46 | FINAL: 41
[16:40:19] [Server thread/INFO] (Minecraft) [STDOUT]: all_tools/uncommon_tool_3 -> JSON: 45 | Forja(+1): 46 | FINAL: 41
[16:40:19] [Server thread/INFO] (Minecraft) [STDOUT]: all_tools/uncommon_tool_2 -> JSON: 45 | Forja(+1): 46 | FINAL: 41
[16:40:19] [Server thread/INFO] (Minecraft) [STDOUT]: all_tools/uncommon_tool_1 -> JSON: 45 | Forja(+1): 46 | FINAL: 41
[16:40:19] [Server thread/INFO] (Minecraft) [STDOUT]: all_tools/common_tool_4 -> JSON: 60 | Forja(+1): 61 | FINAL: 54
[16:40:19] [Server thread/INFO] (Minecraft) [STDOUT]: all_tools/common_tool_2 -> JSON: 60 | Forja(+1): 61 | FINAL: 54
[16:40:19] [Server thread/INFO] (Minecraft) [STDOUT]: all_tools/common_tool_3 -> JSON: 60 | Forja(+1): 61 | FINAL: 54
[16:40:19] [Server thread/INFO] (Minecraft) [STDOUT]: all_tools/common_tool_1 -> JSON: 60 | Forja(+1): 61 | FINAL: 54
[16:40:19] [Server thread/INFO] (Minecraft) [STDOUT]: Peso Total da Roleta: 593
[16:40:19] [Server thread/INFO] (Minecraft) [STDOUT]: ====================================================
[16:40:19] [Server thread/INFO] (Minecraft) [STDOUT]: [ARPG DEBUG] Injetado +0.73125 (ADD_MULTIPLIED_TOTAL) de hard_labor no slot mainhand!
[16:40:19] [Server thread/INFO] (Minecraft) [STDOUT]: === [DEBUG FORJA] RAIO-X DOS PESOS (INT) ===
[16:40:19] [Server thread/INFO] (Minecraft) [STDOUT]: Sorte do Jogador: 0.0
[16:40:19] [Server thread/INFO] (Minecraft) [STDOUT]: Reforge Modifier (Corte da Forja): 0.9
[16:40:19] [Server thread/INFO] (Minecraft) [STDOUT]: Luck Modifier (Bônus da Sorte): 0.02
[16:40:19] [Server thread/INFO] (Minecraft) [STDOUT]: --- CICLO DE VIDA DOS PESOS ---
[16:40:19] [Server thread/INFO] (Minecraft) [STDOUT]: all_tools/mythic_tool_1 -> JSON: 0 | Forja(+1): 1 | FINAL: 1
[16:40:19] [Server thread/INFO] (Minecraft) [STDOUT]: all_tools/unique_tool_4 -> JSON: 1 | Forja(+1): 2 | FINAL: 2
[16:40:19] [Server thread/INFO] (Minecraft) [STDOUT]: all_tools/unique_tool_2 -> JSON: 1 | Forja(+1): 2 | FINAL: 2
[16:40:19] [Server thread/INFO] (Minecraft) [STDOUT]: all_tools/unique_tool_3 -> JSON: 1 | Forja(+1): 2 | FINAL: 2
[16:40:19] [Server thread/INFO] (Minecraft) [STDOUT]: all_tools/unique_tool_1 -> JSON: 1 | Forja(+1): 2 | FINAL: 2
[16:40:19] [Server thread/INFO] (Minecraft) [STDOUT]: all_tools/legendary_tool_1 -> JSON: 7 | Forja(+1): 8 | FINAL: 8
[16:40:19] [Server thread/INFO] (Minecraft) [STDOUT]: all_tools/legendary_tool_4 -> JSON: 7 | Forja(+1): 8 | FINAL: 8
[16:40:19] [Server thread/INFO] (Minecraft) [STDOUT]: all_tools/legendary_tool_3 -> JSON: 7 | Forja(+1): 8 | FINAL: 8
[16:40:19] [Server thread/INFO] (Minecraft) [STDOUT]: all_tools/legendary_tool_2 -> JSON: 7 | Forja(+1): 8 | FINAL: 8
[16:40:19] [Server thread/INFO] (Minecraft) [STDOUT]: all_tools/epic_tool_4 -> JSON: 15 | Forja(+1): 16 | FINAL: 16
[16:40:19] [Server thread/INFO] (Minecraft) [STDOUT]: all_tools/epic_tool_1 -> JSON: 15 | Forja(+1): 16 | FINAL: 16
[16:40:19] [Server thread/INFO] (Minecraft) [STDOUT]: all_tools/epic_tool_3 -> JSON: 15 | Forja(+1): 16 | FINAL: 16
[16:40:19] [Server thread/INFO] (Minecraft) [STDOUT]: all_tools/epic_tool_2 -> JSON: 15 | Forja(+1): 16 | FINAL: 16
[16:40:19] [Server thread/INFO] (Minecraft) [STDOUT]: all_tools/rare_tool_4 -> JSON: 30 | Forja(+1): 31 | FINAL: 27
[16:40:19] [Server thread/INFO] (Minecraft) [STDOUT]: all_tools/rare_tool_3 -> JSON: 30 | Forja(+1): 31 | FINAL: 27
[16:40:19] [Server thread/INFO] (Minecraft) [STDOUT]: all_tools/rare_tool_2 -> JSON: 30 | Forja(+1): 31 | FINAL: 27
[16:40:19] [Server thread/INFO] (Minecraft) [STDOUT]: all_tools/rare_tool_1 -> JSON: 30 | Forja(+1): 31 | FINAL: 27
[16:40:19] [Server thread/INFO] (Minecraft) [STDOUT]: all_tools/uncommon_tool_4 -> JSON: 45 | Forja(+1): 46 | FINAL: 41
[16:40:19] [Server thread/INFO] (Minecraft) [STDOUT]: all_tools/uncommon_tool_3 -> JSON: 45 | Forja(+1): 46 | FINAL: 41
[16:40:19] [Server thread/INFO] (Minecraft) [STDOUT]: all_tools/uncommon_tool_2 -> JSON: 45 | Forja(+1): 46 | FINAL: 41
[16:40:19] [Server thread/INFO] (Minecraft) [STDOUT]: all_tools/uncommon_tool_1 -> JSON: 45 | Forja(+1): 46 | FINAL: 41
[16:40:19] [Server thread/INFO] (Minecraft) [STDOUT]: all_tools/common_tool_4 -> JSON: 60 | Forja(+1): 61 | FINAL: 54
[16:40:19] [Server thread/INFO] (Minecraft) [STDOUT]: all_tools/common_tool_2 -> JSON: 60 | Forja(+1): 61 | FINAL: 54
[16:40:19] [Server thread/INFO] (Minecraft) [STDOUT]: all_tools/common_tool_3 -> JSON: 60 | Forja(+1): 61 | FINAL: 54
[16:40:19] [Server thread/INFO] (Minecraft) [STDOUT]: all_tools/common_tool_1 -> JSON: 60 | Forja(+1): 61 | FINAL: 54
[16:40:19] [Server thread/INFO] (Minecraft) [STDOUT]: Peso Total da Roleta: 593
[16:40:19] [Server thread/INFO] (Minecraft) [STDOUT]: ====================================================
[16:40:19] [Server thread/INFO] (Minecraft) [STDOUT]: [ARPG DEBUG] Injetado +0.73125 (ADD_MULTIPLIED_TOTAL) de hard_labor no slot mainhand!
[16:40:20] [Server thread/INFO] (Minecraft) [STDOUT]: === [DEBUG FORJA] RAIO-X DOS PESOS (INT) ===
[16:40:20] [Server thread/INFO] (Minecraft) [STDOUT]: Sorte do Jogador: 0.0
[16:40:20] [Server thread/INFO] (Minecraft) [STDOUT]: Reforge Modifier (Corte da Forja): 0.9
[16:40:20] [Server thread/INFO] (Minecraft) [STDOUT]: Luck Modifier (Bônus da Sorte): 0.02
[16:40:20] [Server thread/INFO] (Minecraft) [STDOUT]: --- CICLO DE VIDA DOS PESOS ---
[16:40:20] [Server thread/INFO] (Minecraft) [STDOUT]: all_tools/mythic_tool_1 -> JSON: 0 | Forja(+1): 1 | FINAL: 1
[16:40:20] [Server thread/INFO] (Minecraft) [STDOUT]: all_tools/unique_tool_4 -> JSON: 1 | Forja(+1): 2 | FINAL: 2
[16:40:20] [Server thread/INFO] (Minecraft) [STDOUT]: all_tools/unique_tool_2 -> JSON: 1 | Forja(+1): 2 | FINAL: 2
[16:40:20] [Server thread/INFO] (Minecraft) [STDOUT]: all_tools/unique_tool_3 -> JSON: 1 | Forja(+1): 2 | FINAL: 2
[16:40:20] [Server thread/INFO] (Minecraft) [STDOUT]: all_tools/unique_tool_1 -> JSON: 1 | Forja(+1): 2 | FINAL: 2
[16:40:20] [Server thread/INFO] (Minecraft) [STDOUT]: all_tools/legendary_tool_1 -> JSON: 7 | Forja(+1): 8 | FINAL: 8
[16:40:20] [Server thread/INFO] (Minecraft) [STDOUT]: all_tools/legendary_tool_4 -> JSON: 7 | Forja(+1): 8 | FINAL: 8
[16:40:20] [Server thread/INFO] (Minecraft) [STDOUT]: all_tools/legendary_tool_3 -> JSON: 7 | Forja(+1): 8 | FINAL: 8
[16:40:20] [Server thread/INFO] (Minecraft) [STDOUT]: all_tools/legendary_tool_2 -> JSON: 7 | Forja(+1): 8 | FINAL: 8
[16:40:20] [Server thread/INFO] (Minecraft) [STDOUT]: all_tools/epic_tool_4 -> JSON: 15 | Forja(+1): 16 | FINAL: 16
[16:40:20] [Server thread/INFO] (Minecraft) [STDOUT]: all_tools/epic_tool_1 -> JSON: 15 | Forja(+1): 16 | FINAL: 16
[16:40:20] [Server thread/INFO] (Minecraft) [STDOUT]: all_tools/epic_tool_3 -> JSON: 15 | Forja(+1): 16 | FINAL: 16
[16:40:20] [Server thread/INFO] (Minecraft) [STDOUT]: all_tools/epic_tool_2 -> JSON: 15 | Forja(+1): 16 | FINAL: 16
[16:40:20] [Server thread/INFO] (Minecraft) [STDOUT]: all_tools/rare_tool_4 -> JSON: 30 | Forja(+1): 31 | FINAL: 27
[16:40:20] [Server thread/INFO] (Minecraft) [STDOUT]: all_tools/rare_tool_3 -> JSON: 30 | Forja(+1): 31 | FINAL: 27
[16:40:20] [Server thread/INFO] (Minecraft) [STDOUT]: all_tools/rare_tool_2 -> JSON: 30 | Forja(+1): 31 | FINAL: 27
[16:40:20] [Server thread/INFO] (Minecraft) [STDOUT]: all_tools/rare_tool_1 -> JSON: 30 | Forja(+1): 31 | FINAL: 27
[16:40:20] [Server thread/INFO] (Minecraft) [STDOUT]: all_tools/uncommon_tool_4 -> JSON: 45 | Forja(+1): 46 | FINAL: 41
[16:40:20] [Server thread/INFO] (Minecraft) [STDOUT]: all_tools/uncommon_tool_3 -> JSON: 45 | Forja(+1): 46 | FINAL: 41
[16:40:20] [Server thread/INFO] (Minecraft) [STDOUT]: all_tools/uncommon_tool_2 -> JSON: 45 | Forja(+1): 46 | FINAL: 41
[16:40:20] [Server thread/INFO] (Minecraft) [STDOUT]: all_tools/uncommon_tool_1 -> JSON: 45 | Forja(+1): 46 | FINAL: 41
[16:40:20] [Server thread/INFO] (Minecraft) [STDOUT]: all_tools/common_tool_4 -> JSON: 60 | Forja(+1): 61 | FINAL: 54
[16:40:20] [Server thread/INFO] (Minecraft) [STDOUT]: all_tools/common_tool_2 -> JSON: 60 | Forja(+1): 61 | FINAL: 54
[16:40:20] [Server thread/INFO] (Minecraft) [STDOUT]: all_tools/common_tool_3 -> JSON: 60 | Forja(+1): 61 | FINAL: 54
[16:40:20] [Server thread/INFO] (Minecraft) [STDOUT]: all_tools/common_tool_1 -> JSON: 60 | Forja(+1): 61 | FINAL: 54
[16:40:20] [Server thread/INFO] (Minecraft) [STDOUT]: Peso Total da Roleta: 593
[16:40:20] [Server thread/INFO] (Minecraft) [STDOUT]: ====================================================
[16:40:20] [Server thread/INFO] (Minecraft) [STDOUT]: [ARPG DEBUG] Injetado +0.73125 (ADD_MULTIPLIED_TOTAL) de hard_labor no slot mainhand!
[16:40:20] [Server thread/INFO] (Minecraft) [STDOUT]: === [DEBUG FORJA] RAIO-X DOS PESOS (INT) ===
[16:40:20] [Server thread/INFO] (Minecraft) [STDOUT]: Sorte do Jogador: 0.0
[16:40:20] [Server thread/INFO] (Minecraft) [STDOUT]: Reforge Modifier (Corte da Forja): 0.9
[16:40:20] [Server thread/INFO] (Minecraft) [STDOUT]: Luck Modifier (Bônus da Sorte): 0.02
[16:40:20] [Server thread/INFO] (Minecraft) [STDOUT]: --- CICLO DE VIDA DOS PESOS ---
[16:40:20] [Server thread/INFO] (Minecraft) [STDOUT]: all_tools/mythic_tool_1 -> JSON: 0 | Forja(+1): 1 | FINAL: 1
[16:40:20] [Server thread/INFO] (Minecraft) [STDOUT]: all_tools/unique_tool_4 -> JSON: 1 | Forja(+1): 2 | FINAL: 2
[16:40:20] [Server thread/INFO] (Minecraft) [STDOUT]: all_tools/unique_tool_2 -> JSON: 1 | Forja(+1): 2 | FINAL: 2
[16:40:20] [Server thread/INFO] (Minecraft) [STDOUT]: all_tools/unique_tool_3 -> JSON: 1 | Forja(+1): 2 | FINAL: 2
[16:40:20] [Server thread/INFO] (Minecraft) [STDOUT]: all_tools/unique_tool_1 -> JSON: 1 | Forja(+1): 2 | FINAL: 2
[16:40:20] [Server thread/INFO] (Minecraft) [STDOUT]: all_tools/legendary_tool_1 -> JSON: 7 | Forja(+1): 8 | FINAL: 8
[16:40:20] [Server thread/INFO] (Minecraft) [STDOUT]: all_tools/legendary_tool_4 -> JSON: 7 | Forja(+1): 8 | FINAL: 8
[16:40:20] [Server thread/INFO] (Minecraft) [STDOUT]: all_tools/legendary_tool_3 -> JSON: 7 | Forja(+1): 8 | FINAL: 8
[16:40:20] [Server thread/INFO] (Minecraft) [STDOUT]: all_tools/legendary_tool_2 -> JSON: 7 | Forja(+1): 8 | FINAL: 8
[16:40:20] [Server thread/INFO] (Minecraft) [STDOUT]: all_tools/epic_tool_4 -> JSON: 15 | Forja(+1): 16 | FINAL: 16
[16:40:20] [Server thread/INFO] (Minecraft) [STDOUT]: all_tools/epic_tool_1 -> JSON: 15 | Forja(+1): 16 | FINAL: 16
[16:40:20] [Server thread/INFO] (Minecraft) [STDOUT]: all_tools/epic_tool_3 -> JSON: 15 | Forja(+1): 16 | FINAL: 16
[16:40:20] [Server thread/INFO] (Minecraft) [STDOUT]: all_tools/epic_tool_2 -> JSON: 15 | Forja(+1): 16 | FINAL: 16
[16:40:20] [Server thread/INFO] (Minecraft) [STDOUT]: all_tools/rare_tool_4 -> JSON: 30 | Forja(+1): 31 | FINAL: 27
[16:40:20] [Server thread/INFO] (Minecraft) [STDOUT]: all_tools/rare_tool_3 -> JSON: 30 | Forja(+1): 31 | FINAL: 27
[16:40:20] [Server thread/INFO] (Minecraft) [STDOUT]: all_tools/rare_tool_2 -> JSON: 30 | Forja(+1): 31 | FINAL: 27
[16:40:20] [Server thread/INFO] (Minecraft) [STDOUT]: all_tools/rare_tool_1 -> JSON: 30 | Forja(+1): 31 | FINAL: 27
[16:40:20] [Server thread/INFO] (Minecraft) [STDOUT]: all_tools/uncommon_tool_4 -> JSON: 45 | Forja(+1): 46 | FINAL: 41
[16:40:20] [Server thread/INFO] (Minecraft) [STDOUT]: all_tools/uncommon_tool_3 -> JSON: 45 | Forja(+1): 46 | FINAL: 41
[16:40:20] [Server thread/INFO] (Minecraft) [STDOUT]: all_tools/uncommon_tool_2 -> JSON: 45 | Forja(+1): 46 | FINAL: 41
[16:40:20] [Server thread/INFO] (Minecraft) [STDOUT]: all_tools/uncommon_tool_1 -> JSON: 45 | Forja(+1): 46 | FINAL: 41
[16:40:20] [Server thread/INFO] (Minecraft) [STDOUT]: all_tools/common_tool_4 -> JSON: 60 | Forja(+1): 61 | FINAL: 54
[16:40:20] [Server thread/INFO] (Minecraft) [STDOUT]: all_tools/common_tool_2 -> JSON: 60 | Forja(+1): 61 | FINAL: 54
[16:40:20] [Server thread/INFO] (Minecraft) [STDOUT]: all_tools/common_tool_3 -> JSON: 60 | Forja(+1): 61 | FINAL: 54
[16:40:20] [Server thread/INFO] (Minecraft) [STDOUT]: all_tools/common_tool_1 -> JSON: 60 | Forja(+1): 61 | FINAL: 54
[16:40:20] [Server thread/INFO] (Minecraft) [STDOUT]: Peso Total da Roleta: 593
[16:40:20] [Server thread/INFO] (Minecraft) [STDOUT]: ====================================================
[16:40:20] [Server thread/INFO] (Minecraft) [STDOUT]: [ARPG DEBUG] Injetado +0.73125 (ADD_MULTIPLIED_TOTAL) de hard_labor no slot mainhand!
[16:40:21] [Server thread/INFO] (Minecraft) [STDOUT]: === [DEBUG FORJA] RAIO-X DOS PESOS (INT) ===
[16:40:21] [Server thread/INFO] (Minecraft) [STDOUT]: Sorte do Jogador: 0.0
[16:40:21] [Server thread/INFO] (Minecraft) [STDOUT]: Reforge Modifier (Corte da Forja): 0.9
[16:40:21] [Server thread/INFO] (Minecraft) [STDOUT]: Luck Modifier (Bônus da Sorte): 0.02
[16:40:21] [Server thread/INFO] (Minecraft) [STDOUT]: --- CICLO DE VIDA DOS PESOS ---
[16:40:21] [Server thread/INFO] (Minecraft) [STDOUT]: all_tools/mythic_tool_1 -> JSON: 0 | Forja(+1): 1 | FINAL: 1
[16:40:21] [Server thread/INFO] (Minecraft) [STDOUT]: all_tools/unique_tool_4 -> JSON: 1 | Forja(+1): 2 | FINAL: 2
[16:40:21] [Server thread/INFO] (Minecraft) [STDOUT]: all_tools/unique_tool_2 -> JSON: 1 | Forja(+1): 2 | FINAL: 2
[16:40:21] [Server thread/INFO] (Minecraft) [STDOUT]: all_tools/unique_tool_3 -> JSON: 1 | Forja(+1): 2 | FINAL: 2
[16:40:21] [Server thread/INFO] (Minecraft) [STDOUT]: all_tools/unique_tool_1 -> JSON: 1 | Forja(+1): 2 | FINAL: 2
[16:40:21] [Server thread/INFO] (Minecraft) [STDOUT]: all_tools/legendary_tool_1 -> JSON: 7 | Forja(+1): 8 | FINAL: 8
[16:40:21] [Server thread/INFO] (Minecraft) [STDOUT]: all_tools/legendary_tool_4 -> JSON: 7 | Forja(+1): 8 | FINAL: 8
[16:40:21] [Server thread/INFO] (Minecraft) [STDOUT]: all_tools/legendary_tool_3 -> JSON: 7 | Forja(+1): 8 | FINAL: 8
[16:40:21] [Server thread/INFO] (Minecraft) [STDOUT]: all_tools/legendary_tool_2 -> JSON: 7 | Forja(+1): 8 | FINAL: 8
[16:40:21] [Server thread/INFO] (Minecraft) [STDOUT]: all_tools/epic_tool_4 -> JSON: 15 | Forja(+1): 16 | FINAL: 16
[16:40:21] [Server thread/INFO] (Minecraft) [STDOUT]: all_tools/epic_tool_1 -> JSON: 15 | Forja(+1): 16 | FINAL: 16
[16:40:21] [Server thread/INFO] (Minecraft) [STDOUT]: all_tools/epic_tool_3 -> JSON: 15 | Forja(+1): 16 | FINAL: 16
[16:40:21] [Server thread/INFO] (Minecraft) [STDOUT]: all_tools/epic_tool_2 -> JSON: 15 | Forja(+1): 16 | FINAL: 16
[16:40:21] [Server thread/INFO] (Minecraft) [STDOUT]: all_tools/rare_tool_4 -> JSON: 30 | Forja(+1): 31 | FINAL: 27
[16:40:21] [Server thread/INFO] (Minecraft) [STDOUT]: all_tools/rare_tool_3 -> JSON: 30 | Forja(+1): 31 | FINAL: 27
[16:40:21] [Server thread/INFO] (Minecraft) [STDOUT]: all_tools/rare_tool_2 -> JSON: 30 | Forja(+1): 31 | FINAL: 27
[16:40:21] [Server thread/INFO] (Minecraft) [STDOUT]: all_tools/rare_tool_1 -> JSON: 30 | Forja(+1): 31 | FINAL: 27
[16:40:21] [Server thread/INFO] (Minecraft) [STDOUT]: all_tools/uncommon_tool_4 -> JSON: 45 | Forja(+1): 46 | FINAL: 41
[16:40:21] [Server thread/INFO] (Minecraft) [STDOUT]: all_tools/uncommon_tool_3 -> JSON: 45 | Forja(+1): 46 | FINAL: 41
[16:40:21] [Server thread/INFO] (Minecraft) [STDOUT]: all_tools/uncommon_tool_2 -> JSON: 45 | Forja(+1): 46 | FINAL: 41
[16:40:21] [Server thread/INFO] (Minecraft) [STDOUT]: all_tools/uncommon_tool_1 -> JSON: 45 | Forja(+1): 46 | FINAL: 41
[16:40:21] [Server thread/INFO] (Minecraft) [STDOUT]: all_tools/common_tool_4 -> JSON: 60 | Forja(+1): 61 | FINAL: 54
[16:40:21] [Server thread/INFO] (Minecraft) [STDOUT]: all_tools/common_tool_2 -> JSON: 60 | Forja(+1): 61 | FINAL: 54
[16:40:21] [Server thread/INFO] (Minecraft) [STDOUT]: all_tools/common_tool_3 -> JSON: 60 | Forja(+1): 61 | FINAL: 54
[16:40:21] [Server thread/INFO] (Minecraft) [STDOUT]: all_tools/common_tool_1 -> JSON: 60 | Forja(+1): 61 | FINAL: 54
[16:40:21] [Server thread/INFO] (Minecraft) [STDOUT]: Peso Total da Roleta: 593
[16:40:21] [Server thread/INFO] (Minecraft) [STDOUT]: ====================================================
[16:40:21] [Server thread/INFO] (Minecraft) [STDOUT]: [ARPG DEBUG] Injetado +0.73125 (ADD_MULTIPLIED_TOTAL) de hard_labor no slot mainhand!
[16:40:21] [Server thread/INFO] (Minecraft) [STDOUT]: === [DEBUG FORJA] RAIO-X DOS PESOS (INT) ===
[16:40:21] [Server thread/INFO] (Minecraft) [STDOUT]: Sorte do Jogador: 0.0
[16:40:21] [Server thread/INFO] (Minecraft) [STDOUT]: Reforge Modifier (Corte da Forja): 0.9
[16:40:21] [Server thread/INFO] (Minecraft) [STDOUT]: Luck Modifier (Bônus da Sorte): 0.02
[16:40:21] [Server thread/INFO] (Minecraft) [STDOUT]: --- CICLO DE VIDA DOS PESOS ---
[16:40:21] [Server thread/INFO] (Minecraft) [STDOUT]: all_tools/mythic_tool_1 -> JSON: 0 | Forja(+1): 1 | FINAL: 1
[16:40:21] [Server thread/INFO] (Minecraft) [STDOUT]: all_tools/unique_tool_4 -> JSON: 1 | Forja(+1): 2 | FINAL: 2
[16:40:21] [Server thread/INFO] (Minecraft) [STDOUT]: all_tools/unique_tool_2 -> JSON: 1 | Forja(+1): 2 | FINAL: 2
[16:40:21] [Server thread/INFO] (Minecraft) [STDOUT]: all_tools/unique_tool_3 -> JSON: 1 | Forja(+1): 2 | FINAL: 2
[16:40:21] [Server thread/INFO] (Minecraft) [STDOUT]: all_tools/unique_tool_1 -> JSON: 1 | Forja(+1): 2 | FINAL: 2
[16:40:21] [Server thread/INFO] (Minecraft) [STDOUT]: all_tools/legendary_tool_1 -> JSON: 7 | Forja(+1): 8 | FINAL: 8
[16:40:21] [Server thread/INFO] (Minecraft) [STDOUT]: all_tools/legendary_tool_4 -> JSON: 7 | Forja(+1): 8 | FINAL: 8
[16:40:21] [Server thread/INFO] (Minecraft) [STDOUT]: all_tools/legendary_tool_3 -> JSON: 7 | Forja(+1): 8 | FINAL: 8
[16:40:21] [Server thread/INFO] (Minecraft) [STDOUT]: all_tools/legendary_tool_2 -> JSON: 7 | Forja(+1): 8 | FINAL: 8
[16:40:21] [Server thread/INFO] (Minecraft) [STDOUT]: all_tools/epic_tool_4 -> JSON: 15 | Forja(+1): 16 | FINAL: 16
[16:40:21] [Server thread/INFO] (Minecraft) [STDOUT]: all_tools/epic_tool_1 -> JSON: 15 | Forja(+1): 16 | FINAL: 16
[16:40:21] [Server thread/INFO] (Minecraft) [STDOUT]: all_tools/epic_tool_3 -> JSON: 15 | Forja(+1): 16 | FINAL: 16
[16:40:21] [Server thread/INFO] (Minecraft) [STDOUT]: all_tools/epic_tool_2 -> JSON: 15 | Forja(+1): 16 | FINAL: 16
[16:40:21] [Server thread/INFO] (Minecraft) [STDOUT]: all_tools/rare_tool_4 -> JSON: 30 | Forja(+1): 31 | FINAL: 27
[16:40:21] [Server thread/INFO] (Minecraft) [STDOUT]: all_tools/rare_tool_3 -> JSON: 30 | Forja(+1): 31 | FINAL: 27
[16:40:21] [Server thread/INFO] (Minecraft) [STDOUT]: all_tools/rare_tool_2 -> JSON: 30 | Forja(+1): 31 | FINAL: 27
[16:40:21] [Server thread/INFO] (Minecraft) [STDOUT]: all_tools/rare_tool_1 -> JSON: 30 | Forja(+1): 31 | FINAL: 27
[16:40:21] [Server thread/INFO] (Minecraft) [STDOUT]: all_tools/uncommon_tool_4 -> JSON: 45 | Forja(+1): 46 | FINAL: 41
[16:40:21] [Server thread/INFO] (Minecraft) [STDOUT]: all_tools/uncommon_tool_3 -> JSON: 45 | Forja(+1): 46 | FINAL: 41
[16:40:21] [Server thread/INFO] (Minecraft) [STDOUT]: all_tools/uncommon_tool_2 -> JSON: 45 | Forja(+1): 46 | FINAL: 41
[16:40:21] [Server thread/INFO] (Minecraft) [STDOUT]: all_tools/uncommon_tool_1 -> JSON: 45 | Forja(+1): 46 | FINAL: 41
[16:40:21] [Server thread/INFO] (Minecraft) [STDOUT]: all_tools/common_tool_4 -> JSON: 60 | Forja(+1): 61 | FINAL: 54
[16:40:21] [Server thread/INFO] (Minecraft) [STDOUT]: all_tools/common_tool_2 -> JSON: 60 | Forja(+1): 61 | FINAL: 54
[16:40:21] [Server thread/INFO] (Minecraft) [STDOUT]: all_tools/common_tool_3 -> JSON: 60 | Forja(+1): 61 | FINAL: 54
[16:40:21] [Server thread/INFO] (Minecraft) [STDOUT]: all_tools/common_tool_1 -> JSON: 60 | Forja(+1): 61 | FINAL: 54
[16:40:21] [Server thread/INFO] (Minecraft) [STDOUT]: Peso Total da Roleta: 593
[16:40:21] [Server thread/INFO] (Minecraft) [STDOUT]: ====================================================
[16:40:21] [Server thread/INFO] (Minecraft) [STDOUT]: [ARPG DEBUG] Injetado +0.73125 (ADD_MULTIPLIED_TOTAL) de hard_labor no slot mainhand!
[16:40:22] [Server thread/INFO] (Minecraft) [STDOUT]: === [DEBUG FORJA] RAIO-X DOS PESOS (INT) ===
[16:40:22] [Server thread/INFO] (Minecraft) [STDOUT]: Sorte do Jogador: 0.0
[16:40:22] [Server thread/INFO] (Minecraft) [STDOUT]: Reforge Modifier (Corte da Forja): 0.9
[16:40:22] [Server thread/INFO] (Minecraft) [STDOUT]: Luck Modifier (Bônus da Sorte): 0.02
[16:40:22] [Server thread/INFO] (Minecraft) [STDOUT]: --- CICLO DE VIDA DOS PESOS ---
[16:40:22] [Server thread/INFO] (Minecraft) [STDOUT]: all_tools/mythic_tool_1 -> JSON: 0 | Forja(+1): 1 | FINAL: 1
[16:40:22] [Server thread/INFO] (Minecraft) [STDOUT]: all_tools/unique_tool_4 -> JSON: 1 | Forja(+1): 2 | FINAL: 2
[16:40:22] [Server thread/INFO] (Minecraft) [STDOUT]: all_tools/unique_tool_2 -> JSON: 1 | Forja(+1): 2 | FINAL: 2
[16:40:22] [Server thread/INFO] (Minecraft) [STDOUT]: all_tools/unique_tool_3 -> JSON: 1 | Forja(+1): 2 | FINAL: 2
[16:40:22] [Server thread/INFO] (Minecraft) [STDOUT]: all_tools/unique_tool_1 -> JSON: 1 | Forja(+1): 2 | FINAL: 2
[16:40:22] [Server thread/INFO] (Minecraft) [STDOUT]: all_tools/legendary_tool_1 -> JSON: 7 | Forja(+1): 8 | FINAL: 8
[16:40:22] [Server thread/INFO] (Minecraft) [STDOUT]: all_tools/legendary_tool_4 -> JSON: 7 | Forja(+1): 8 | FINAL: 8
[16:40:22] [Server thread/INFO] (Minecraft) [STDOUT]: all_tools/legendary_tool_3 -> JSON: 7 | Forja(+1): 8 | FINAL: 8
[16:40:22] [Server thread/INFO] (Minecraft) [STDOUT]: all_tools/legendary_tool_2 -> JSON: 7 | Forja(+1): 8 | FINAL: 8
[16:40:22] [Server thread/INFO] (Minecraft) [STDOUT]: all_tools/epic_tool_4 -> JSON: 15 | Forja(+1): 16 | FINAL: 16
[16:40:22] [Server thread/INFO] (Minecraft) [STDOUT]: all_tools/epic_tool_1 -> JSON: 15 | Forja(+1): 16 | FINAL: 16
[16:40:22] [Server thread/INFO] (Minecraft) [STDOUT]: all_tools/epic_tool_3 -> JSON: 15 | Forja(+1): 16 | FINAL: 16
[16:40:22] [Server thread/INFO] (Minecraft) [STDOUT]: all_tools/epic_tool_2 -> JSON: 15 | Forja(+1): 16 | FINAL: 16
[16:40:22] [Server thread/INFO] (Minecraft) [STDOUT]: all_tools/rare_tool_4 -> JSON: 30 | Forja(+1): 31 | FINAL: 27
[16:40:22] [Server thread/INFO] (Minecraft) [STDOUT]: all_tools/rare_tool_3 -> JSON: 30 | Forja(+1): 31 | FINAL: 27
[16:40:22] [Server thread/INFO] (Minecraft) [STDOUT]: all_tools/rare_tool_2 -> JSON: 30 | Forja(+1): 31 | FINAL: 27
[16:40:22] [Server thread/INFO] (Minecraft) [STDOUT]: all_tools/rare_tool_1 -> JSON: 30 | Forja(+1): 31 | FINAL: 27
[16:40:22] [Server thread/INFO] (Minecraft) [STDOUT]: all_tools/uncommon_tool_4 -> JSON: 45 | Forja(+1): 46 | FINAL: 41
[16:40:22] [Server thread/INFO] (Minecraft) [STDOUT]: all_tools/uncommon_tool_3 -> JSON: 45 | Forja(+1): 46 | FINAL: 41
[16:40:22] [Server thread/INFO] (Minecraft) [STDOUT]: all_tools/uncommon_tool_2 -> JSON: 45 | Forja(+1): 46 | FINAL: 41
[16:40:22] [Server thread/INFO] (Minecraft) [STDOUT]: all_tools/uncommon_tool_1 -> JSON: 45 | Forja(+1): 46 | FINAL: 41
[16:40:22] [Server thread/INFO] (Minecraft) [STDOUT]: all_tools/common_tool_4 -> JSON: 60 | Forja(+1): 61 | FINAL: 54
[16:40:22] [Server thread/INFO] (Minecraft) [STDOUT]: all_tools/common_tool_2 -> JSON: 60 | Forja(+1): 61 | FINAL: 54
[16:40:22] [Server thread/INFO] (Minecraft) [STDOUT]: all_tools/common_tool_3 -> JSON: 60 | Forja(+1): 61 | FINAL: 54
[16:40:22] [Server thread/INFO] (Minecraft) [STDOUT]: all_tools/common_tool_1 -> JSON: 60 | Forja(+1): 61 | FINAL: 54
[16:40:22] [Server thread/INFO] (Minecraft) [STDOUT]: Peso Total da Roleta: 593
[16:40:22] [Server thread/INFO] (Minecraft) [STDOUT]: ====================================================
[16:40:22] [Server thread/INFO] (Minecraft) [STDOUT]: [ARPG DEBUG] Injetado +0.73125 (ADD_MULTIPLIED_TOTAL) de hard_labor no slot mainhand!
[16:40:22] [Server thread/INFO] (Minecraft) [STDOUT]: === [DEBUG FORJA] RAIO-X DOS PESOS (INT) ===
[16:40:22] [Server thread/INFO] (Minecraft) [STDOUT]: Sorte do Jogador: 0.0
[16:40:22] [Server thread/INFO] (Minecraft) [STDOUT]: Reforge Modifier (Corte da Forja): 0.9
[16:40:22] [Server thread/INFO] (Minecraft) [STDOUT]: Luck Modifier (Bônus da Sorte): 0.02
[16:40:22] [Server thread/INFO] (Minecraft) [STDOUT]: --- CICLO DE VIDA DOS PESOS ---
[16:40:22] [Server thread/INFO] (Minecraft) [STDOUT]: all_tools/mythic_tool_1 -> JSON: 0 | Forja(+1): 1 | FINAL: 1
[16:40:22] [Server thread/INFO] (Minecraft) [STDOUT]: all_tools/unique_tool_4 -> JSON: 1 | Forja(+1): 2 | FINAL: 2
[16:40:22] [Server thread/INFO] (Minecraft) [STDOUT]: all_tools/unique_tool_2 -> JSON: 1 | Forja(+1): 2 | FINAL: 2
[16:40:22] [Server thread/INFO] (Minecraft) [STDOUT]: all_tools/unique_tool_3 -> JSON: 1 | Forja(+1): 2 | FINAL: 2
[16:40:22] [Server thread/INFO] (Minecraft) [STDOUT]: all_tools/unique_tool_1 -> JSON: 1 | Forja(+1): 2 | FINAL: 2
[16:40:22] [Server thread/INFO] (Minecraft) [STDOUT]: all_tools/legendary_tool_1 -> JSON: 7 | Forja(+1): 8 | FINAL: 8
[16:40:22] [Server thread/INFO] (Minecraft) [STDOUT]: all_tools/legendary_tool_4 -> JSON: 7 | Forja(+1): 8 | FINAL: 8
[16:40:22] [Server thread/INFO] (Minecraft) [STDOUT]: all_tools/legendary_tool_3 -> JSON: 7 | Forja(+1): 8 | FINAL: 8
[16:40:22] [Server thread/INFO] (Minecraft) [STDOUT]: all_tools/legendary_tool_2 -> JSON: 7 | Forja(+1): 8 | FINAL: 8
[16:40:22] [Server thread/INFO] (Minecraft) [STDOUT]: all_tools/epic_tool_4 -> JSON: 15 | Forja(+1): 16 | FINAL: 16
[16:40:22] [Server thread/INFO] (Minecraft) [STDOUT]: all_tools/epic_tool_1 -> JSON: 15 | Forja(+1): 16 | FINAL: 16
[16:40:22] [Server thread/INFO] (Minecraft) [STDOUT]: all_tools/epic_tool_3 -> JSON: 15 | Forja(+1): 16 | FINAL: 16
[16:40:22] [Server thread/INFO] (Minecraft) [STDOUT]: all_tools/epic_tool_2 -> JSON: 15 | Forja(+1): 16 | FINAL: 16
[16:40:22] [Server thread/INFO] (Minecraft) [STDOUT]: all_tools/rare_tool_4 -> JSON: 30 | Forja(+1): 31 | FINAL: 27
[16:40:22] [Server thread/INFO] (Minecraft) [STDOUT]: all_tools/rare_tool_3 -> JSON: 30 | Forja(+1): 31 | FINAL: 27
[16:40:22] [Server thread/INFO] (Minecraft) [STDOUT]: all_tools/rare_tool_2 -> JSON: 30 | Forja(+1): 31 | FINAL: 27
[16:40:22] [Server thread/INFO] (Minecraft) [STDOUT]: all_tools/rare_tool_1 -> JSON: 30 | Forja(+1): 31 | FINAL: 27
[16:40:22] [Server thread/INFO] (Minecraft) [STDOUT]: all_tools/uncommon_tool_4 -> JSON: 45 | Forja(+1): 46 | FINAL: 41
[16:40:22] [Server thread/INFO] (Minecraft) [STDOUT]: all_tools/uncommon_tool_3 -> JSON: 45 | Forja(+1): 46 | FINAL: 41
[16:40:22] [Server thread/INFO] (Minecraft) [STDOUT]: all_tools/uncommon_tool_2 -> JSON: 45 | Forja(+1): 46 | FINAL: 41
[16:40:22] [Server thread/INFO] (Minecraft) [STDOUT]: all_tools/uncommon_tool_1 -> JSON: 45 | Forja(+1): 46 | FINAL: 41
[16:40:22] [Server thread/INFO] (Minecraft) [STDOUT]: all_tools/common_tool_4 -> JSON: 60 | Forja(+1): 61 | FINAL: 54
[16:40:22] [Server thread/INFO] (Minecraft) [STDOUT]: all_tools/common_tool_2 -> JSON: 60 | Forja(+1): 61 | FINAL: 54
[16:40:22] [Server thread/INFO] (Minecraft) [STDOUT]: all_tools/common_tool_3 -> JSON: 60 | Forja(+1): 61 | FINAL: 54
[16:40:22] [Server thread/INFO] (Minecraft) [STDOUT]: all_tools/common_tool_1 -> JSON: 60 | Forja(+1): 61 | FINAL: 54
[16:40:22] [Server thread/INFO] (Minecraft) [STDOUT]: Peso Total da Roleta: 593
[16:40:22] [Server thread/INFO] (Minecraft) [STDOUT]: ====================================================
[16:40:22] [Server thread/INFO] (Minecraft) [STDOUT]: [ARPG DEBUG] Injetado +0.73125 (ADD_MULTIPLIED_TOTAL) de hard_labor no slot mainhand!
[16:40:22] [Server thread/INFO] (Minecraft) [STDOUT]: === [DEBUG FORJA] RAIO-X DOS PESOS (INT) ===
[16:40:22] [Server thread/INFO] (Minecraft) [STDOUT]: Sorte do Jogador: 0.0
[16:40:22] [Server thread/INFO] (Minecraft) [STDOUT]: Reforge Modifier (Corte da Forja): 0.9
[16:40:22] [Server thread/INFO] (Minecraft) [STDOUT]: Luck Modifier (Bônus da Sorte): 0.02
[16:40:22] [Server thread/INFO] (Minecraft) [STDOUT]: --- CICLO DE VIDA DOS PESOS ---
[16:40:22] [Server thread/INFO] (Minecraft) [STDOUT]: all_tools/mythic_tool_1 -> JSON: 0 | Forja(+1): 1 | FINAL: 1
[16:40:22] [Server thread/INFO] (Minecraft) [STDOUT]: all_tools/unique_tool_4 -> JSON: 1 | Forja(+1): 2 | FINAL: 2
[16:40:22] [Server thread/INFO] (Minecraft) [STDOUT]: all_tools/unique_tool_2 -> JSON: 1 | Forja(+1): 2 | FINAL: 2
[16:40:22] [Server thread/INFO] (Minecraft) [STDOUT]: all_tools/unique_tool_3 -> JSON: 1 | Forja(+1): 2 | FINAL: 2
[16:40:22] [Server thread/INFO] (Minecraft) [STDOUT]: all_tools/unique_tool_1 -> JSON: 1 | Forja(+1): 2 | FINAL: 2
[16:40:22] [Server thread/INFO] (Minecraft) [STDOUT]: all_tools/legendary_tool_1 -> JSON: 7 | Forja(+1): 8 | FINAL: 8
[16:40:22] [Server thread/INFO] (Minecraft) [STDOUT]: all_tools/legendary_tool_4 -> JSON: 7 | Forja(+1): 8 | FINAL: 8
[16:40:22] [Server thread/INFO] (Minecraft) [STDOUT]: all_tools/legendary_tool_3 -> JSON: 7 | Forja(+1): 8 | FINAL: 8
[16:40:22] [Server thread/INFO] (Minecraft) [STDOUT]: all_tools/legendary_tool_2 -> JSON: 7 | Forja(+1): 8 | FINAL: 8
[16:40:22] [Server thread/INFO] (Minecraft) [STDOUT]: all_tools/epic_tool_4 -> JSON: 15 | Forja(+1): 16 | FINAL: 16
[16:40:22] [Server thread/INFO] (Minecraft) [STDOUT]: all_tools/epic_tool_1 -> JSON: 15 | Forja(+1): 16 | FINAL: 16
[16:40:22] [Server thread/INFO] (Minecraft) [STDOUT]: all_tools/epic_tool_3 -> JSON: 15 | Forja(+1): 16 | FINAL: 16
[16:40:22] [Server thread/INFO] (Minecraft) [STDOUT]: all_tools/epic_tool_2 -> JSON: 15 | Forja(+1): 16 | FINAL: 16
[16:40:22] [Server thread/INFO] (Minecraft) [STDOUT]: all_tools/rare_tool_4 -> JSON: 30 | Forja(+1): 31 | FINAL: 27
[16:40:22] [Server thread/INFO] (Minecraft) [STDOUT]: all_tools/rare_tool_3 -> JSON: 30 | Forja(+1): 31 | FINAL: 27
[16:40:22] [Server thread/INFO] (Minecraft) [STDOUT]: all_tools/rare_tool_2 -> JSON: 30 | Forja(+1): 31 | FINAL: 27
[16:40:22] [Server thread/INFO] (Minecraft) [STDOUT]: all_tools/rare_tool_1 -> JSON: 30 | Forja(+1): 31 | FINAL: 27
[16:40:22] [Server thread/INFO] (Minecraft) [STDOUT]: all_tools/uncommon_tool_4 -> JSON: 45 | Forja(+1): 46 | FINAL: 41
[16:40:22] [Server thread/INFO] (Minecraft) [STDOUT]: all_tools/uncommon_tool_3 -> JSON: 45 | Forja(+1): 46 | FINAL: 41
[16:40:22] [Server thread/INFO] (Minecraft) [STDOUT]: all_tools/uncommon_tool_2 -> JSON: 45 | Forja(+1): 46 | FINAL: 41
[16:40:22] [Server thread/INFO] (Minecraft) [STDOUT]: all_tools/uncommon_tool_1 -> JSON: 45 | Forja(+1): 46 | FINAL: 41
[16:40:22] [Server thread/INFO] (Minecraft) [STDOUT]: all_tools/common_tool_4 -> JSON: 60 | Forja(+1): 61 | FINAL: 54
[16:40:22] [Server thread/INFO] (Minecraft) [STDOUT]: all_tools/common_tool_2 -> JSON: 60 | Forja(+1): 61 | FINAL: 54
[16:40:22] [Server thread/INFO] (Minecraft) [STDOUT]: all_tools/common_tool_3 -> JSON: 60 | Forja(+1): 61 | FINAL: 54
[16:40:22] [Server thread/INFO] (Minecraft) [STDOUT]: all_tools/common_tool_1 -> JSON: 60 | Forja(+1): 61 | FINAL: 54
[16:40:22] [Server thread/INFO] (Minecraft) [STDOUT]: Peso Total da Roleta: 593
[16:40:22] [Server thread/INFO] (Minecraft) [STDOUT]: ====================================================
[16:40:22] [Server thread/INFO] (Minecraft) [STDOUT]: [ARPG DEBUG] Injetado +0.73125 (ADD_MULTIPLIED_TOTAL) de hard_labor no slot mainhand!
[16:40:23] [Server thread/INFO] (Minecraft) [STDOUT]: === [DEBUG FORJA] RAIO-X DOS PESOS (INT) ===
[16:40:23] [Server thread/INFO] (Minecraft) [STDOUT]: Sorte do Jogador: 0.0
[16:40:23] [Server thread/INFO] (Minecraft) [STDOUT]: Reforge Modifier (Corte da Forja): 0.9
[16:40:23] [Server thread/INFO] (Minecraft) [STDOUT]: Luck Modifier (Bônus da Sorte): 0.02
[16:40:23] [Server thread/INFO] (Minecraft) [STDOUT]: --- CICLO DE VIDA DOS PESOS ---
[16:40:23] [Server thread/INFO] (Minecraft) [STDOUT]: all_tools/mythic_tool_1 -> JSON: 0 | Forja(+1): 1 | FINAL: 1
[16:40:23] [Server thread/INFO] (Minecraft) [STDOUT]: all_tools/unique_tool_4 -> JSON: 1 | Forja(+1): 2 | FINAL: 2
[16:40:23] [Server thread/INFO] (Minecraft) [STDOUT]: all_tools/unique_tool_2 -> JSON: 1 | Forja(+1): 2 | FINAL: 2
[16:40:23] [Server thread/INFO] (Minecraft) [STDOUT]: all_tools/unique_tool_3 -> JSON: 1 | Forja(+1): 2 | FINAL: 2
[16:40:23] [Server thread/INFO] (Minecraft) [STDOUT]: all_tools/unique_tool_1 -> JSON: 1 | Forja(+1): 2 | FINAL: 2
[16:40:23] [Server thread/INFO] (Minecraft) [STDOUT]: all_tools/legendary_tool_1 -> JSON: 7 | Forja(+1): 8 | FINAL: 8
[16:40:23] [Server thread/INFO] (Minecraft) [STDOUT]: all_tools/legendary_tool_4 -> JSON: 7 | Forja(+1): 8 | FINAL: 8
[16:40:23] [Server thread/INFO] (Minecraft) [STDOUT]: all_tools/legendary_tool_3 -> JSON: 7 | Forja(+1): 8 | FINAL: 8
[16:40:23] [Server thread/INFO] (Minecraft) [STDOUT]: all_tools/legendary_tool_2 -> JSON: 7 | Forja(+1): 8 | FINAL: 8
[16:40:23] [Server thread/INFO] (Minecraft) [STDOUT]: all_tools/epic_tool_4 -> JSON: 15 | Forja(+1): 16 | FINAL: 16
[16:40:23] [Server thread/INFO] (Minecraft) [STDOUT]: all_tools/epic_tool_1 -> JSON: 15 | Forja(+1): 16 | FINAL: 16
[16:40:23] [Server thread/INFO] (Minecraft) [STDOUT]: all_tools/epic_tool_3 -> JSON: 15 | Forja(+1): 16 | FINAL: 16
[16:40:23] [Server thread/INFO] (Minecraft) [STDOUT]: all_tools/epic_tool_2 -> JSON: 15 | Forja(+1): 16 | FINAL: 16
[16:40:23] [Server thread/INFO] (Minecraft) [STDOUT]: all_tools/rare_tool_4 -> JSON: 30 | Forja(+1): 31 | FINAL: 27
[16:40:23] [Server thread/INFO] (Minecraft) [STDOUT]: all_tools/rare_tool_3 -> JSON: 30 | Forja(+1): 31 | FINAL: 27
[16:40:23] [Server thread/INFO] (Minecraft) [STDOUT]: all_tools/rare_tool_2 -> JSON: 30 | Forja(+1): 31 | FINAL: 27
[16:40:23] [Server thread/INFO] (Minecraft) [STDOUT]: all_tools/rare_tool_1 -> JSON: 30 | Forja(+1): 31 | FINAL: 27
[16:40:23] [Server thread/INFO] (Minecraft) [STDOUT]: all_tools/uncommon_tool_4 -> JSON: 45 | Forja(+1): 46 | FINAL: 41
[16:40:23] [Server thread/INFO] (Minecraft) [STDOUT]: all_tools/uncommon_tool_3 -> JSON: 45 | Forja(+1): 46 | FINAL: 41
[16:40:23] [Server thread/INFO] (Minecraft) [STDOUT]: all_tools/uncommon_tool_2 -> JSON: 45 | Forja(+1): 46 | FINAL: 41
[16:40:23] [Server thread/INFO] (Minecraft) [STDOUT]: all_tools/uncommon_tool_1 -> JSON: 45 | Forja(+1): 46 | FINAL: 41
[16:40:23] [Server thread/INFO] (Minecraft) [STDOUT]: all_tools/common_tool_4 -> JSON: 60 | Forja(+1): 61 | FINAL: 54
[16:40:23] [Server thread/INFO] (Minecraft) [STDOUT]: all_tools/common_tool_2 -> JSON: 60 | Forja(+1): 61 | FINAL: 54
[16:40:23] [Server thread/INFO] (Minecraft) [STDOUT]: all_tools/common_tool_3 -> JSON: 60 | Forja(+1): 61 | FINAL: 54
[16:40:23] [Server thread/INFO] (Minecraft) [STDOUT]: all_tools/common_tool_1 -> JSON: 60 | Forja(+1): 61 | FINAL: 54
[16:40:23] [Server thread/INFO] (Minecraft) [STDOUT]: Peso Total da Roleta: 593
[16:40:23] [Server thread/INFO] (Minecraft) [STDOUT]: ====================================================
[16:40:23] [Server thread/INFO] (Minecraft) [STDOUT]: [ARPG DEBUG] Injetado +0.73125 (ADD_MULTIPLIED_TOTAL) de hard_labor no slot mainhand!
[16:40:35] [Render thread/INFO] (Minecraft) Resizing Chunk Sections UBO, capacity limit of 1024 reached during a single frame. New capacity will be 2048.
[16:41:18] [Render thread/INFO] (Minecraft) Resizing Chunk Sections UBO, capacity limit of 2048 reached during a single frame. New capacity will be 4096.
[16:41:22] [Render thread/INFO] (Minecraft) [STDOUT]: ━━━━━━━━━━━━━━━━━━━━━━━━━━━━
[16:41:22] [Render thread/INFO] (Minecraft) [STDOUT]: 🖱️ mouseClicked no Compact
[16:41:22] [Render thread/INFO] (Minecraft) [STDOUT]:    Mouse: (292.2, 205.95032870708548)
[16:41:22] [Render thread/INFO] (Minecraft) [STDOUT]:    Button: 0
[16:41:22] [Render thread/INFO] (Minecraft) [STDOUT]:    🔍 Verificando scrollbar...
[16:41:22] [Render thread/INFO] (Minecraft) [STDOUT]:       g.visible: true
[16:41:22] [Render thread/INFO] (Minecraft) [STDOUT]:       Scrollbar geometry:
[16:41:22] [Render thread/INFO] (Minecraft) [STDOUT]:          x: 242.7 (left: 242, right: 246)
[16:41:22] [Render thread/INFO] (Minecraft) [STDOUT]:          y: 66, height: 140
[16:41:22] [Render thread/INFO] (Minecraft) [STDOUT]:          knobY: 66, knobH: 40
[16:41:22] [Render thread/INFO] (Minecraft) [STDOUT]:          w: 3.15
[16:41:22] [Render thread/INFO] (Minecraft) [STDOUT]:       Mouse X in bounds: false (292.2 entre 242 e 246)
[16:41:22] [Render thread/INFO] (Minecraft) [STDOUT]:       Mouse Y in bounds: true (205.95032870708548 entre 66 e 206)
[16:41:22] [Render thread/INFO] (Minecraft) [STDOUT]:       ❌ Mouse NÃO está na área da scrollbar
[16:41:22] [Render thread/INFO] (Minecraft) [STDOUT]: ━━━━━━━━━━━━━━━━━━━━━━━━━━━━
[16:41:23] [Render thread/INFO] (Minecraft) [STDOUT]: ━━━━━━━━━━━━━━━━━━━━━━━━━━━━
[16:41:23] [Render thread/INFO] (Minecraft) [STDOUT]: 🖱️ mouseClicked no Compact
[16:41:23] [Render thread/INFO] (Minecraft) [STDOUT]:    Mouse: (290.8, 183.93425858290723)
[16:41:23] [Render thread/INFO] (Minecraft) [STDOUT]:    Button: 0
[16:41:23] [Render thread/INFO] (Minecraft) [STDOUT]:    🔍 Verificando scrollbar...
[16:41:23] [Render thread/INFO] (Minecraft) [STDOUT]:       g.visible: true
[16:41:23] [Render thread/INFO] (Minecraft) [STDOUT]:       Scrollbar geometry:
[16:41:23] [Render thread/INFO] (Minecraft) [STDOUT]:          x: 242.7 (left: 242, right: 246)
[16:41:23] [Render thread/INFO] (Minecraft) [STDOUT]:          y: 66, height: 140
[16:41:23] [Render thread/INFO] (Minecraft) [STDOUT]:          knobY: 66, knobH: 40
[16:41:23] [Render thread/INFO] (Minecraft) [STDOUT]:          w: 3.15
[16:41:23] [Render thread/INFO] (Minecraft) [STDOUT]:       Mouse X in bounds: false (290.8 entre 242 e 246)
[16:41:23] [Render thread/INFO] (Minecraft) [STDOUT]:       Mouse Y in bounds: true (183.93425858290723 entre 66 e 206)
[16:41:23] [Render thread/INFO] (Minecraft) [STDOUT]:       ❌ Mouse NÃO está na área da scrollbar
[16:41:23] [Render thread/INFO] (Minecraft) [STDOUT]: ━━━━━━━━━━━━━━━━━━━━━━━━━━━━
[16:41:26] [Render thread/INFO] (Minecraft) [STDOUT]: ━━━━━━━━━━━━━━━━━━━━━━━━━━━━
[16:41:26] [Render thread/INFO] (Minecraft) [STDOUT]: 🖱️ mouseClicked no Compact
[16:41:26] [Render thread/INFO] (Minecraft) [STDOUT]:    Mouse: (290.4, 182.73338203067934)
[16:41:26] [Render thread/INFO] (Minecraft) [STDOUT]:    Button: 0
[16:41:26] [Render thread/INFO] (Minecraft) [STDOUT]:    🔍 Verificando scrollbar...
[16:41:26] [Render thread/INFO] (Minecraft) [STDOUT]:       g.visible: true
[16:41:26] [Render thread/INFO] (Minecraft) [STDOUT]:       Scrollbar geometry:
[16:41:26] [Render thread/INFO] (Minecraft) [STDOUT]:          x: 242.7 (left: 242, right: 246)
[16:41:26] [Render thread/INFO] (Minecraft) [STDOUT]:          y: 66, height: 140
[16:41:26] [Render thread/INFO] (Minecraft) [STDOUT]:          knobY: 66, knobH: 40
[16:41:26] [Render thread/INFO] (Minecraft) [STDOUT]:          w: 3.15
[16:41:26] [Render thread/INFO] (Minecraft) [STDOUT]:       Mouse X in bounds: false (290.4 entre 242 e 246)
[16:41:26] [Render thread/INFO] (Minecraft) [STDOUT]:       Mouse Y in bounds: true (182.73338203067934 entre 66 e 206)
[16:41:26] [Render thread/INFO] (Minecraft) [STDOUT]:       ❌ Mouse NÃO está na área da scrollbar
[16:41:26] [Render thread/INFO] (Minecraft) [STDOUT]: ━━━━━━━━━━━━━━━━━━━━━━━━━━━━
[16:41:26] [Render thread/INFO] (Minecraft) [STDOUT]: ━━━━━━━━━━━━━━━━━━━━━━━━━━━━
[16:41:26] [Render thread/INFO] (Minecraft) [STDOUT]: 🖱️ mouseClicked no Compact
[16:41:26] [Render thread/INFO] (Minecraft) [STDOUT]:    Mouse: (288.4, 205.3498904309715)
[16:41:26] [Render thread/INFO] (Minecraft) [STDOUT]:    Button: 0
[16:41:26] [Render thread/INFO] (Minecraft) [STDOUT]:    🔍 Verificando scrollbar...
[16:41:26] [Render thread/INFO] (Minecraft) [STDOUT]:       g.visible: true
[16:41:26] [Render thread/INFO] (Minecraft) [STDOUT]:       Scrollbar geometry:
[16:41:26] [Render thread/INFO] (Minecraft) [STDOUT]:          x: 242.7 (left: 242, right: 246)
[16:41:26] [Render thread/INFO] (Minecraft) [STDOUT]:          y: 66, height: 140
[16:41:26] [Render thread/INFO] (Minecraft) [STDOUT]:          knobY: 66, knobH: 40
[16:41:26] [Render thread/INFO] (Minecraft) [STDOUT]:          w: 3.15
[16:41:26] [Render thread/INFO] (Minecraft) [STDOUT]:       Mouse X in bounds: false (288.4 entre 242 e 246)
[16:41:26] [Render thread/INFO] (Minecraft) [STDOUT]:       Mouse Y in bounds: true (205.3498904309715 entre 66 e 206)
[16:41:26] [Render thread/INFO] (Minecraft) [STDOUT]:       ❌ Mouse NÃO está na área da scrollbar
[16:41:26] [Render thread/INFO] (Minecraft) [STDOUT]: ━━━━━━━━━━━━━━━━━━━━━━━━━━━━
[16:42:23] [Server thread/INFO] (Minecraft) [Player121: Set own game mode to Creative Mode]
[16:42:23] [Render thread/INFO] (Minecraft) [System] [CHAT] Set own game mode to Creative Mode
[16:43:23] [Server thread/INFO] (Minecraft) [STDOUT]: [SCROLL DEBUG] Injetado +0.07 (ADD_MULTIPLIED_TOTAL) de movement_speed no slot mainhand!
[16:43:23] [Server thread/INFO] (Minecraft) [STDOUT]: [SCROLL DEBUG] Injetado +0.07 (ADD_MULTIPLIED_TOTAL) de movement_speed no slot mainhand!
[16:43:23] [Server thread/INFO] (Minecraft) [STDOUT]: [SCROLL DEBUG] Injetado +0.07 (ADD_MULTIPLIED_TOTAL) de movement_speed no slot mainhand!
[16:43:33] [Server thread/INFO] (Minecraft) [Player121: Set the time to 1000]
[16:43:33] [Render thread/INFO] (Minecraft) [System] [CHAT] Set the time to 1000
[16:43:46] [Server thread/INFO] (Minecraft) Saving and pausing game...
[16:43:46] [Server thread/INFO] (Minecraft) Saving chunks for level 'ServerLevel[New World]'/minecraft:overworld
[16:43:46] [Server thread/INFO] (Minecraft) Saving chunks for level 'ServerLevel[New World]'/minecraft:the_end
[16:43:46] [Server thread/INFO] (Minecraft) Saving chunks for level 'ServerLevel[New World]'/minecraft:the_nether
[16:44:36] [Server thread/INFO] (Minecraft) [Player121: Set own game mode to Survival Mode]
[16:44:36] [Render thread/INFO] (Minecraft) [System] [CHAT] Set own game mode to Survival Mode
[16:44:46] [Render thread/WARN] (Minecraft) Unable to play empty soundEvent: minecraft:entity.salmon.ambient
[16:45:14] [Render thread/INFO] (Minecraft) Loaded 118 advancements
[16:45:17] [Render thread/INFO] (Minecraft) Loaded 136 advancements
[16:45:27] [Render thread/INFO] (Minecraft) Loaded 137 advancements
[16:45:37] [Render thread/INFO] (Minecraft) Loaded 140 advancements
[16:45:40] [Server thread/INFO] (Minecraft) Player121 has made the advancement [Stone Age]
[16:45:40] [Render thread/INFO] (Minecraft) [System] [CHAT] Player121 has made the advancement [Stone Age]
[16:45:40] [Render thread/INFO] (Minecraft) Loaded 175 advancements
[16:47:16] [Server thread/INFO] (Minecraft) [STDOUT]: [SCROLL DEBUG] Injetado +0.07 (ADD_MULTIPLIED_TOTAL) de movement_speed no slot mainhand!
[16:47:16] [Server thread/INFO] (Minecraft) [STDOUT]: [SCROLL DEBUG] Injetado +0.07 (ADD_MULTIPLIED_TOTAL) de movement_speed no slot mainhand!
[16:47:23] [Server thread/INFO] (Minecraft) [STDOUT]: [SCROLL DEBUG] Injetado +0.07 (ADD_MULTIPLIED_TOTAL) de movement_speed no slot mainhand!
[16:48:53] [Server thread/INFO] (Minecraft) Saving and pausing game...
[16:48:53] [Server thread/INFO] (Minecraft) Saving chunks for level 'ServerLevel[New World]'/minecraft:overworld
[16:48:53] [Server thread/INFO] (Minecraft) Saving chunks for level 'ServerLevel[New World]'/minecraft:the_end
[16:48:53] [Server thread/INFO] (Minecraft) Saving chunks for level 'ServerLevel[New World]'/minecraft:the_nether
[16:50:02] [Server thread/INFO] (Minecraft) Saving and pausing game...
[16:50:02] [Server thread/INFO] (Minecraft) Saving chunks for level 'ServerLevel[New World]'/minecraft:overworld
[16:50:02] [Server thread/INFO] (Minecraft) Saving chunks for level 'ServerLevel[New World]'/minecraft:the_end
[16:50:02] [Server thread/INFO] (Minecraft) Saving chunks for level 'ServerLevel[New World]'/minecraft:the_nether
[16:50:02] [Server thread/INFO] (Minecraft) Player121 lost connection: Disconnected
[16:50:02] [Server thread/INFO] (Minecraft) Player121 left the game
[16:50:02] [Server thread/INFO] (Minecraft) Stopping singleplayer server as player logged out
[16:50:02] [Server thread/INFO] (Minecraft) Stopping server
[16:50:02] [Server thread/INFO] (Minecraft) Saving players
[16:50:02] [Server thread/INFO] (Minecraft) Saving worlds
[16:50:03] [Server thread/INFO] (Minecraft) Saving chunks for level 'ServerLevel[New World]'/minecraft:overworld
[16:50:03] [Server thread/INFO] (Minecraft) Saving chunks for level 'ServerLevel[New World]'/minecraft:the_end
[16:50:03] [Server thread/INFO] (Minecraft) Saving chunks for level 'ServerLevel[New World]'/minecraft:the_nether
[16:50:03] [Server thread/INFO] (Minecraft) ThreadedAnvilChunkStorage (New World (1)): All chunks are saved
[16:50:03] [Server thread/INFO] (Minecraft) ThreadedAnvilChunkStorage (DIM1): All chunks are saved
[16:50:03] [Server thread/INFO] (Minecraft) ThreadedAnvilChunkStorage (DIM-1): All chunks are saved
[16:50:03] [Server thread/INFO] (Minecraft) ThreadedAnvilChunkStorage: All dimensions are saved
[16:50:05] [Render thread/INFO] (Minecraft) Stopping!
